Week.Number,Region,Population.per.10000,icu.case.10000,deaths.10000,No.of.cases,No.of.cases.x,ICU.Cases,ICU.Cases.x,No.of.deaths,No.of.deaths.x,P1,P2,P3,P4,P5,P6,P7,P8,P9,Temperature,TempCat
1,Blekinge,15.9606,0,0,0,0,0,0,0,0,0,0,0,0,0,0,0,0,0,2.9,0
2,Blekinge,15.9606,0,0,0,0,0,0,0,0,0,0,0,0,0,0,0,0,0,5,1
3,Blekinge,15.9606,0,0,0,0,0,0,0,0,0,0,0,0,0,0,0,0,0,5.2,1
4,Blekinge,15.9606,0,0,0,0,0,0,0,0,0,0,0,0,0,0,0,0,0,4.5,0
5,Blekinge,15.9606,0,0,0,0,0,0,0,0,0,0,0,0,0,0,0,0,0,5.3,1
6,Blekinge,15.9606,0,0,0,0,0,0,0,0,0,0,0,0,0,0,0,0,0,3.9,0
7,Blekinge,15.9606,0,0,0,0,0,0,0,0,0,0,0,0,0,0,0,0,0,4.3,0
8,Blekinge,15.9606,0,0,0,0,0,0,0,0,0,0,0,0,0,0,0,0,0,5.5,1
9,Blekinge,15.9606,0,0,0,0,0,0,0,0,0,0,0,0,0,0,0,0,0,2.2,0
10,Blekinge,15.9606,0,0,0,0,0,0,0,0,0,0,0,0,0,0,0,0,0,3.5,0
11,Blekinge,15.9606,0,0,10,0,0,0,0,0,0,0,0,0,0,0,0,0,0,4.8,0
12,Blekinge,15.9606,0,0,2,10,0,0,0,0,1,0,0,0,0,0,0,0,0,5.4,1
13,Blekinge,15.9606,0.062654286,0.062654286,9,2,1,0,1,0,1,1,0,0,0,0,0,0,0,2.7,0
14,Blekinge,15.9606,0.062654286,0,15,9,1,1,0,1,1,1,1,0,0,0,0,0,0,4.8,0
15,Blekinge,15.9606,0,0.062654286,6,15,0,1,1,0,1,1,1,1,0,0,0,0,0,7.8,1
16,Blekinge,15.9606,0,0,1,6,0,0,0,1,1,1,1,1,1,0,0,0,0,7.3,1
17,Blekinge,15.9606,0,0,21,1,0,0,0,0,1,1,1,1,1,0,0,0,0,9.3,1
18,Blekinge,15.9606,0,0,10,21,0,0,0,0,1,1,1,1,1,0,0,0,0,8.8,1
19,Blekinge,15.9606,0,0,11,10,0,0,0,0,1,1,1,1,1,0,0,0,0,10.6,2
20,Blekinge,15.9606,0.062654286,0.062654286,18,11,1,0,1,0,1,1,1,1,1,1,0,0,0,7.9,1
21,Blekinge,15.9606,0,0.062654286,44,18,0,1,1,1,1,1,1,1,1,1,0,0,0,10.4,2
22,Blekinge,15.9606,0,0.062654286,68,44,0,0,1,1,1,1,1,1,1,1,1,0,0,13.8,2
23,Blekinge,15.9606,0.062654286,0.062654286,82,68,1,0,1,1,1,1,1,1,1,1,1,1,0,13.6,2
24,Blekinge,15.9606,0.062654286,0.313271431,82,82,1,1,5,1,1,1,1,1,1,1,1,1,0,17.1,3
25,Blekinge,15.9606,0.125308572,0.125308572,38,82,2,1,2,5,1,1,1,1,1,1,1,1,0,18.1,3
26,Blekinge,15.9606,0.062654286,0.062654286,27,38,1,2,1,2,1,1,1,1,1,1,1,1,1,19.9,3
27,Blekinge,15.9606,0,0,16,27,0,1,0,1,1,1,1,1,1,1,1,1,1,16.9,3
28,Blekinge,15.9606,0,0,11,16,0,0,0,0,1,1,1,1,1,1,1,1,1,13.8,2
29,Blekinge,15.9606,0,0,8,11,0,0,0,0,1,1,1,1,1,1,1,1,1,16.6,3
30,Blekinge,15.9606,0,0,3,8,0,0,0,0,1,1,1,1,1,1,1,1,1,16,3
31,Blekinge,15.9606,0,0.062654286,11,3,0,0,1,0,1,1,1,1,1,1,1,1,1,16.9,3
32,Blekinge,15.9606,0,0,33,11,0,0,0,1,1,1,1,1,1,1,1,1,1,18.2,3
33,Blekinge,15.9606,0,0,46,33,0,0,0,0,1,1,1,1,1,1,1,1,1,18.9,3
34,Blekinge,15.9606,0.062654286,0.062654286,22,46,1,0,1,0,1,1,1,1,1,1,1,1,1,19.7,3
35,Blekinge,15.9606,0,0.062654286,15,22,0,1,1,1,1,1,1,1,1,1,1,1,1,15.2,3
36,Blekinge,15.9606,0,0,3,15,0,0,0,1,1,1,1,1,1,1,1,1,1,15,2
37,Blekinge,15.9606,0,0,4,3,0,0,0,0,1,1,1,1,1,1,1,1,1,14.4,2
38,Blekinge,15.9606,0,0,14,4,0,0,0,0,1,1,1,1,1,1,1,1,1,14.3,2
39,Blekinge,15.9606,0,0,77,14,0,0,0,0,1,1,1,1,1,1,1,1,1,14.1,2
40,Blekinge,15.9606,0,0,72,77,0,0,0,0,1,1,1,1,1,1,1,1,1,13.6,2
41,Blekinge,15.9606,0,0.062654286,61,72,0,0,1,0,1,1,1,1,1,1,1,1,1,11,2
42,Blekinge,15.9606,0,0,31,61,0,0,0,1,1,1,1,1,1,1,1,1,1,7.1,1
1,Dalarna,29.7966,0,0,0,0,0,0,0,0,0,0,0,0,0,0,0,0,0,2.2,0
2,Dalarna,29.7966,0,0,0,0,0,0,0,0,0,0,0,0,0,0,0,0,0,1.3,0
3,Dalarna,29.7966,0,0,0,0,0,0,0,0,0,0,0,0,0,0,0,0,0,2.8,0
4,Dalarna,29.7966,0,0,0,0,0,0,0,0,0,0,0,0,0,0,0,0,0,2.3,0
5,Dalarna,29.7966,0,0,0,0,0,0,0,0,0,0,0,0,0,0,0,0,0,1.7,0
6,Dalarna,29.7966,0,0,0,0,0,0,0,0,0,0,0,0,0,0,0,0,0,-0.8,0
7,Dalarna,29.7966,0,0,0,0,0,0,0,0,0,0,0,0,0,0,0,0,0,0.9,0
8,Dalarna,29.7966,0,0,0,0,0,0,0,0,0,0,0,0,0,0,0,0,0,2.9,0
9,Dalarna,29.7966,0,0,0,0,0,0,0,0,0,0,0,0,0,0,0,0,0,-3.4,0
10,Dalarna,29.7966,0,0,0,0,0,0,0,0,0,0,0,0,0,0,0,0,0,-1.2,0
11,Dalarna,29.7966,0,0,5,0,0,0,0,0,0,0,0,0,0,0,0,0,0,1.6,0
12,Dalarna,29.7966,0.067121752,0.033560876,17,5,2,0,1,0,1,0,0,0,0,0,0,0,0,2,0
13,Dalarna,29.7966,0.335608761,0.16780438,70,17,10,2,5,1,1,1,0,0,0,0,0,0,0,3.4,0
14,Dalarna,29.7966,0.302047885,0.604095769,102,70,9,10,18,5,1,1,1,0,0,0,0,0,0,1.7,0
15,Dalarna,29.7966,0.335608761,0.872582778,159,102,10,9,26,18,1,1,1,1,0,0,0,0,0,5.4,1
16,Dalarna,29.7966,0.201365256,0.805461026,138,159,6,10,24,26,1,1,1,1,1,0,0,0,0,5.6,1
17,Dalarna,29.7966,0.234926133,0.77190015,198,138,7,6,23,24,1,1,1,1,1,0,0,0,0,8.9,1
18,Dalarna,29.7966,0.16780438,0.570534893,115,198,5,7,17,23,1,1,1,1,1,0,0,0,0,4.4,0
19,Dalarna,29.7966,0.134243504,0.469852265,164,115,4,5,14,17,1,1,1,1,1,0,0,0,0,7,1
20,Dalarna,29.7966,0.100682628,0.268487009,85,164,3,4,8,14,1,1,1,1,1,1,0,0,0,4.1,0
21,Dalarna,29.7966,0.033560876,0.268487009,84,85,1,3,8,8,1,1,1,1,1,1,0,0,0,9.1,1
22,Dalarna,29.7966,0.100682628,0.134243504,83,84,3,1,4,8,1,1,1,1,1,1,1,0,0,13.5,2
23,Dalarna,29.7966,0.100682628,0.100682628,99,83,3,3,3,4,1,1,1,1,1,1,1,1,0,15,2
24,Dalarna,29.7966,0.033560876,0.16780438,75,99,1,3,5,3,1,1,1,1,1,1,1,1,0,15.4,3
25,Dalarna,29.7966,0,0.067121752,60,75,0,1,2,5,1,1,1,1,1,1,1,1,0,18.8,3
26,Dalarna,29.7966,0.033560876,0.033560876,167,61,1,0,1,2,1,1,1,1,1,1,1,1,1,21.9,3
27,Dalarna,29.7966,0,0.033560876,178,168,0,1,1,1,1,1,1,1,1,1,1,1,1,13.6,2
28,Dalarna,29.7966,0,0.16780438,57,178,0,0,5,1,1,1,1,1,1,1,1,1,1,11.9,2
29,Dalarna,29.7966,0.033560876,0.201365256,52,57,1,0,6,5,1,1,1,1,1,1,1,1,1,15.7,3
30,Dalarna,29.7966,0.033560876,0.033560876,30,52,1,1,1,6,1,1,1,1,1,1,1,1,1,14,2
31,Dalarna,29.7966,0,0.067121752,27,30,0,1,2,1,1,1,1,1,1,1,1,1,1,15.7,3
32,Dalarna,29.7966,0,0,48,27,0,0,0,2,1,1,1,1,1,1,1,1,1,17.6,3
33,Dalarna,29.7966,0,0,36,48,0,0,0,0,1,1,1,1,1,1,1,1,1,18.8,3
34,Dalarna,29.7966,0,0,42,36,0,0,0,0,1,1,1,1,1,1,1,1,1,18,3
35,Dalarna,29.7966,0,0,56,42,0,0,0,0,1,1,1,1,1,1,1,1,1,10.7,2
36,Dalarna,29.7966,0.033560876,0,56,56,1,0,0,0,1,1,1,1,1,1,1,1,1,11.9,2
37,Dalarna,29.7966,0,0,79,56,0,1,0,0,1,1,1,1,1,1,1,1,1,10.8,2
38,Dalarna,29.7966,0,0.100682628,164,79,0,0,3,0,1,1,1,1,1,1,1,1,1,10.3,2
39,Dalarna,29.7966,0,0,88,164,0,0,0,3,1,1,1,1,1,1,1,1,1,11.6,2
40,Dalarna,29.7966,0,0.033560876,101,88,0,0,1,0,1,1,1,1,1,1,1,1,1,11.3,2
41,Dalarna,29.7966,0.033560876,0.16780438,84,101,1,0,5,1,1,1,1,1,1,1,1,1,1,9.4,1
42,Dalarna,29.7966,0,0.033560876,161,84,0,1,1,5,1,1,1,1,1,1,1,1,1,4.6,0
1,Gavleborg,28.7382,0,0,0,0,0,0,0,0,0,0,0,0,0,0,0,0,0,2.5,0
2,Gavleborg,28.7382,0,0,0,0,0,0,0,0,0,0,0,0,0,0,0,0,0,1.2,0
3,Gavleborg,28.7382,0,0,0,0,0,0,0,0,0,0,0,0,0,0,0,0,0,2.4,0
4,Gavleborg,28.7382,0,0,0,0,0,0,0,0,0,0,0,0,0,0,0,0,0,3.1,0
5,Gavleborg,28.7382,0,0,0,0,0,0,0,0,0,0,0,0,0,0,0,0,0,1.4,0
6,Gavleborg,28.7382,0,0,0,0,0,0,0,0,0,0,0,0,0,0,0,0,0,-1,0
7,Gavleborg,28.7382,0,0,0,0,0,0,0,0,0,0,0,0,0,0,0,0,0,1.1,0
8,Gavleborg,28.7382,0,0,0,0,0,0,0,0,0,0,0,0,0,0,0,0,0,3.1,0
9,Gavleborg,28.7382,0,0,0,0,0,0,0,0,0,0,0,0,0,0,0,0,0,-2.9,0
10,Gavleborg,28.7382,0,0,2,0,0,0,0,0,0,0,0,0,0,0,0,0,0,-0.7,0
11,Gavleborg,28.7382,0,0,5,2,0,0,0,0,0,0,0,0,0,0,0,0,0,2.1,0
12,Gavleborg,28.7382,0.034796891,0,17,5,1,0,0,0,1,0,0,0,0,0,0,0,0,2.9,0
13,Gavleborg,28.7382,0.173984453,0.069593781,52,17,5,1,2,0,1,1,0,0,0,0,0,0,0,4.2,0
14,Gavleborg,28.7382,0.347968905,0.313172015,106,52,10,5,9,2,1,1,1,0,0,0,0,0,0,2.2,0
15,Gavleborg,28.7382,0.173984453,0.904719154,108,106,5,10,26,9,1,1,1,1,0,0,0,0,0,5.9,1
16,Gavleborg,28.7382,0.139187562,0.173984453,121,108,4,5,5,26,1,1,1,1,1,0,0,0,0,6.2,1
17,Gavleborg,28.7382,0.208781343,0.521953358,109,121,6,4,15,5,1,1,1,1,1,0,0,0,0,8.4,1
18,Gavleborg,28.7382,0.173984453,0.556750249,112,109,5,6,16,15,1,1,1,1,1,0,0,0,0,4.3,0
19,Gavleborg,28.7382,0.104390672,0.417562687,176,112,3,5,12,16,1,1,1,1,1,0,0,0,0,7,1
20,Gavleborg,28.7382,0.069593781,0.278375124,170,176,2,3,8,12,1,1,1,1,1,1,0,0,0,4.7,0
21,Gavleborg,28.7382,0.139187562,0.243578234,152,170,4,2,7,8,1,1,1,1,1,1,0,0,0,8,1
22,Gavleborg,28.7382,0.104390672,0.313172015,165,152,3,4,9,7,1,1,1,1,1,1,1,0,0,13.1,2
23,Gavleborg,28.7382,0.347968905,0.243578234,231,165,10,3,7,9,1,1,1,1,1,1,1,1,0,13.7,2
24,Gavleborg,28.7382,0.173984453,0.173984453,280,231,5,10,5,7,1,1,1,1,1,1,1,1,0,15.2,3
25,Gavleborg,28.7382,0.104390672,0.278375124,240,280,3,5,8,5,1,1,1,1,1,1,1,1,0,17.6,3
26,Gavleborg,28.7382,0.034796891,0.347968905,374,240,1,3,10,8,1,1,1,1,1,1,1,1,1,20.3,3
27,Gavleborg,28.7382,0.069593781,0.173984453,228,374,2,1,5,10,1,1,1,1,1,1,1,1,1,15.2,3
28,Gavleborg,28.7382,0.034796891,0.278375124,233,228,1,2,8,5,1,1,1,1,1,1,1,1,1,13.7,2
29,Gavleborg,28.7382,0.034796891,0.139187562,90,233,1,1,4,8,1,1,1,1,1,1,1,1,1,17.5,3
30,Gavleborg,28.7382,0,0.139187562,64,90,0,1,4,4,1,1,1,1,1,1,1,1,1,14.5,2
31,Gavleborg,28.7382,0,0.069593781,22,64,0,0,2,4,1,1,1,1,1,1,1,1,1,17.1,3
32,Gavleborg,28.7382,0,0.034796891,35,22,0,0,1,2,1,1,1,1,1,1,1,1,1,19.2,3
33,Gavleborg,28.7382,0,0,44,35,0,0,0,1,1,1,1,1,1,1,1,1,1,18.2,3
34,Gavleborg,28.7382,0,0.034796891,34,45,0,0,1,0,1,1,1,1,1,1,1,1,1,18.6,3
35,Gavleborg,28.7382,0,0,28,34,0,0,0,1,1,1,1,1,1,1,1,1,1,12.6,2
36,Gavleborg,28.7382,0.034796891,0,24,28,1,0,0,0,1,1,1,1,1,1,1,1,1,13.1,2
37,Gavleborg,28.7382,0,0.139187562,42,24,0,1,4,0,1,1,1,1,1,1,1,1,1,12.1,2
38,Gavleborg,28.7382,0.104390672,0,37,42,3,0,0,4,1,1,1,1,1,1,1,1,1,11,2
39,Gavleborg,28.7382,0.034796891,0.034796891,73,37,1,3,1,0,1,1,1,1,1,1,1,1,1,11.2,2
40,Gavleborg,28.7382,0,0.034796891,75,73,0,1,1,1,1,1,1,1,1,1,1,1,1,10.6,2
41,Gavleborg,28.7382,0,0,78,75,0,0,0,1,1,1,1,1,1,1,1,1,1,9.4,1
42,Gavleborg,28.7382,0,0.034796891,61,78,0,0,1,0,1,1,1,1,1,1,1,1,1,5.8,1
1,Gotland,5.9686,0,0,0,0,0,0,0,0,0,0,0,0,0,0,0,0,0,2.4,0
2,Gotland,5.9686,0,0,0,0,0,0,0,0,0,0,0,0,0,0,0,0,0,4.2,0
3,Gotland,5.9686,0,0,0,0,0,0,0,0,0,0,0,0,0,0,0,0,0,4.2,0
4,Gotland,5.9686,0,0,0,0,0,0,0,0,0,0,0,0,0,0,0,0,0,3.9,0
5,Gotland,5.9686,0,0,0,0,0,0,0,0,0,0,0,0,0,0,0,0,0,3.9,0
6,Gotland,5.9686,0,0,0,0,0,0,0,0,0,0,0,0,0,0,0,0,0,1.8,0
7,Gotland,5.9686,0,0,0,0,0,0,0,0,0,0,0,0,0,0,0,0,0,3.5,0
8,Gotland,5.9686,0,0,0,0,0,0,0,0,0,0,0,0,0,0,0,0,0,4.4,0
9,Gotland,5.9686,0,0,0,0,0,0,0,0,0,0,0,0,0,0,0,0,0,1.9,0
10,Gotland,5.9686,0,0,0,0,0,0,0,0,0,0,0,0,0,0,0,0,0,3.9,0
11,Gotland,5.9686,0,0,2,0,0,0,0,0,0,0,0,0,0,0,0,0,0,3.4,0
12,Gotland,5.9686,0,0,3,2,0,0,0,0,1,0,0,0,0,0,0,0,0,2.8,0
13,Gotland,5.9686,0.335086955,0,6,3,2,0,0,0,1,1,0,0,0,0,0,0,0,3.3,0
14,Gotland,5.9686,0,0,3,6,0,2,0,0,1,1,1,0,0,0,0,0,0,4.2,0
15,Gotland,5.9686,0.167543478,0.167543478,2,3,1,0,1,0,1,1,1,1,0,0,0,0,0,6.7,1
16,Gotland,5.9686,0.167543478,0,3,2,1,1,0,1,1,1,1,1,1,0,0,0,0,5.8,1
17,Gotland,5.9686,0,0,12,3,0,1,0,0,1,1,1,1,1,0,0,0,0,7.6,1
18,Gotland,5.9686,0,0.335086955,22,12,0,0,2,0,1,1,1,1,1,0,0,0,0,6.1,1
19,Gotland,5.9686,0,0,10,22,0,0,0,2,1,1,1,1,1,0,0,0,0,9,1
20,Gotland,5.9686,0.167543478,0,3,10,1,0,0,0,1,1,1,1,1,1,0,0,0,6.5,1
21,Gotland,5.9686,0,0.502630433,5,3,0,1,3,0,1,1,1,1,1,1,0,0,0,8.3,1
22,Gotland,5.9686,0,0,11,5,0,0,0,3,1,1,1,1,1,1,1,0,0,12.2,2
23,Gotland,5.9686,0,0,10,11,0,0,0,0,1,1,1,1,1,1,1,1,0,12.5,2
24,Gotland,5.9686,0,0,21,10,0,0,0,0,1,1,1,1,1,1,1,1,0,14.4,2
25,Gotland,5.9686,0,0,20,21,0,0,0,0,1,1,1,1,1,1,1,1,0,16,3
26,Gotland,5.9686,0.167543478,0,27,20,1,0,0,0,1,1,1,1,1,1,1,1,1,18.1,3
27,Gotland,5.9686,0,0,13,27,0,1,0,0,1,1,1,1,1,1,1,1,1,16.3,3
28,Gotland,5.9686,0,0,14,13,0,0,0,0,1,1,1,1,1,1,1,1,1,13.8,2
29,Gotland,5.9686,0,0,19,14,0,0,0,0,1,1,1,1,1,1,1,1,1,16,3
30,Gotland,5.9686,0,0,24,19,0,0,0,0,1,1,1,1,1,1,1,1,1,15.5,3
31,Gotland,5.9686,0,0,21,24,0,0,0,0,1,1,1,1,1,1,1,1,1,17,3
32,Gotland,5.9686,0,0,34,21,0,0,0,0,1,1,1,1,1,1,1,1,1,17.3,3
33,Gotland,5.9686,0,0,22,34,0,0,0,0,1,1,1,1,1,1,1,1,1,19.2,3
34,Gotland,5.9686,0.167543478,0,8,22,1,0,0,0,1,1,1,1,1,1,1,1,1,19.3,3
35,Gotland,5.9686,0,0,3,8,0,1,0,0,1,1,1,1,1,1,1,1,1,14,2
36,Gotland,5.9686,0,0,1,3,0,0,0,0,1,1,1,1,1,1,1,1,1,14.7,2
37,Gotland,5.9686,0,0,3,1,0,0,0,0,1,1,1,1,1,1,1,1,1,13.7,2
38,Gotland,5.9686,0,0,5,3,0,0,0,0,1,1,1,1,1,1,1,1,1,13.7,2
39,Gotland,5.9686,0,0,3,5,0,0,0,0,1,1,1,1,1,1,1,1,1,15.3,3
40,Gotland,5.9686,0,0,16,3,0,0,0,0,1,1,1,1,1,1,1,1,1,13.4,2
41,Gotland,5.9686,0,0,15,16,0,0,0,0,1,1,1,1,1,1,1,1,1,12.1,2
42,Gotland,5.9686,0,0,14,15,0,0,0,0,1,1,1,1,1,1,1,1,1,7.5,1
1,Halland,33.3848,0,0,0,0,0,0,0,0,0,0,0,0,0,0,0,0,0,4.4,0
2,Halland,33.3848,0,0,0,0,0,0,0,0,0,0,0,0,0,0,0,0,0,5.2,1
3,Halland,33.3848,0,0,0,0,0,0,0,0,0,0,0,0,0,0,0,0,0,5.5,1
4,Halland,33.3848,0,0,0,0,0,0,0,0,0,0,0,0,0,0,0,0,0,5.4,1
5,Halland,33.3848,0,0,0,0,0,0,0,0,0,0,0,0,0,0,0,0,0,5,1
6,Halland,33.3848,0,0,0,0,0,0,0,0,0,0,0,0,0,0,0,0,0,3.9,0
7,Halland,33.3848,0,0,0,0,0,0,0,0,0,0,0,0,0,0,0,0,0,4.5,0
8,Halland,33.3848,0,0,0,0,0,0,0,0,0,0,0,0,0,0,0,0,0,5.3,1
9,Halland,33.3848,0,0,0,0,0,0,0,0,0,0,0,0,0,0,0,0,0,1.8,0
10,Halland,33.3848,0,0,1,0,0,0,0,0,0,0,0,0,0,0,0,0,0,3.8,0
11,Halland,33.3848,0,0,41,1,0,0,0,0,0,0,0,0,0,0,0,0,0,4.2,0
12,Halland,33.3848,0.059907503,0,17,41,2,0,0,0,1,0,0,0,0,0,0,0,0,4.1,0
13,Halland,33.3848,0.20967626,0.179722508,31,17,7,2,6,0,1,1,0,0,0,0,0,0,0,3.4,0
14,Halland,33.3848,0.059907503,0.269583763,42,31,2,7,9,6,1,1,1,0,0,0,0,0,0,5.2,1
15,Halland,33.3848,0.119815006,0.029953751,53,42,4,2,1,9,1,1,1,1,0,0,0,0,0,7.4,1
16,Halland,33.3848,0.059907503,0.299537514,52,53,2,4,10,1,1,1,1,1,1,0,0,0,0,6.4,1
17,Halland,33.3848,0.029953751,0.149768757,88,52,1,2,5,10,1,1,1,1,1,0,0,0,0,9.7,1
18,Halland,33.3848,0.119815006,0.239630011,57,88,4,1,8,5,1,1,1,1,1,0,0,0,0,7.9,1
19,Halland,33.3848,0.059907503,0.20967626,93,58,2,4,7,8,1,1,1,1,1,0,0,0,0,9.8,1
20,Halland,33.3848,0.059907503,0.149768757,77,93,2,2,5,7,1,1,1,1,1,1,0,0,0,7.5,1
21,Halland,33.3848,0.029953751,0.059907503,101,77,1,2,2,5,1,1,1,1,1,1,0,0,0,11.5,2
22,Halland,33.3848,0.089861254,0.059907503,125,101,3,1,2,2,1,1,1,1,1,1,1,0,0,14.1,2
23,Halland,33.3848,0.059907503,0.119815006,136,125,2,3,4,2,1,1,1,1,1,1,1,1,0,14.8,2
24,Halland,33.3848,0.029953751,0.119815006,152,136,1,2,4,4,1,1,1,1,1,1,1,1,0,17.7,3
25,Halland,33.3848,0.029953751,0.179722508,121,152,1,1,6,4,1,1,1,1,1,1,1,1,0,19.2,3
26,Halland,33.3848,0.059907503,0.119815006,240,121,2,1,4,6,1,1,1,1,1,1,1,1,1,20.8,3
27,Halland,33.3848,0.029953751,0.059907503,163,240,1,2,2,4,1,1,1,1,1,1,1,1,1,16.2,3
28,Halland,33.3848,0,0.059907503,56,163,0,1,2,2,1,1,1,1,1,1,1,1,1,14.4,2
29,Halland,33.3848,0,0.029953751,35,56,0,0,1,2,1,1,1,1,1,1,1,1,1,16.6,3
30,Halland,33.3848,0.029953751,0,31,35,1,0,0,1,1,1,1,1,1,1,1,1,1,16.2,3
31,Halland,33.3848,0,0.029953751,60,31,0,1,1,0,1,1,1,1,1,1,1,1,1,16.8,3
32,Halland,33.3848,0.029953751,0.029953751,99,60,1,0,1,1,1,1,1,1,1,1,1,1,1,19,3
33,Halland,33.3848,0,0.059907503,91,99,0,1,2,1,1,1,1,1,1,1,1,1,1,19.6,3
34,Halland,33.3848,0,0,99,91,0,0,0,2,1,1,1,1,1,1,1,1,1,19.1,3
35,Halland,33.3848,0,0,76,99,0,0,0,0,1,1,1,1,1,1,1,1,1,14.7,2
36,Halland,33.3848,0.029953751,0.029953751,93,76,1,0,1,0,1,1,1,1,1,1,1,1,1,14.9,2
37,Halland,33.3848,0,0,79,93,0,1,0,1,1,1,1,1,1,1,1,1,1,15,2
38,Halland,33.3848,0,0.029953751,84,79,0,0,1,0,1,1,1,1,1,1,1,1,1,13.7,2
39,Halland,33.3848,0,0.089861254,107,84,0,0,3,1,1,1,1,1,1,1,1,1,1,14.8,2
40,Halland,33.3848,0.059907503,0.029953751,156,107,2,0,1,3,1,1,1,1,1,1,1,1,1,14,2
41,Halland,33.3848,0.059907503,0.029953751,155,156,2,2,1,1,1,1,1,1,1,1,1,1,1,11.6,2
42,Halland,33.3848,0,0,137,155,0,2,0,1,1,1,1,1,1,1,1,1,1,7.2,1
1,Jamtland,13.081,0,0,0,0,0,0,0,0,0,0,0,0,0,0,0,0,0,0.2,0
2,Jamtland,13.081,0,0,0,0,0,0,0,0,0,0,0,0,0,0,0,0,0,0.4,0
3,Jamtland,13.081,0,0,0,0,0,0,0,0,0,0,0,0,0,0,0,0,0,-0.5,0
4,Jamtland,13.081,0,0,0,0,0,0,0,0,0,0,0,0,0,0,0,0,0,0.4,0
5,Jamtland,13.081,0,0,0,0,0,0,0,0,0,0,0,0,0,0,0,0,0,-2.9,0
6,Jamtland,13.081,0,0,0,0,0,0,0,0,0,0,0,0,0,0,0,0,0,-2.1,0
7,Jamtland,13.081,0,0,0,0,0,0,0,0,0,0,0,0,0,0,0,0,0,-1.4,0
8,Jamtland,13.081,0,0,0,0,0,0,0,0,0,0,0,0,0,0,0,0,0,-0.4,0
9,Jamtland,13.081,0,0,0,0,0,0,0,0,0,0,0,0,0,0,0,0,0,-8.3,0
10,Jamtland,13.081,0,0,0,0,0,0,0,0,0,0,0,0,0,0,0,0,0,-4.5,0
11,Jamtland,13.081,0,0,21,0,0,0,0,0,0,0,0,0,0,0,0,0,0,-1.4,0
12,Jamtland,13.081,0,0,34,21,0,0,0,0,1,0,0,0,0,0,0,0,0,-1.5,0
13,Jamtland,13.081,0.076446755,0,26,34,1,0,0,0,1,1,0,0,0,0,0,0,0,1,0
14,Jamtland,13.081,0.15289351,0,11,26,2,1,0,0,1,1,1,0,0,0,0,0,0,-1.8,0
15,Jamtland,13.081,0.15289351,0.15289351,42,11,2,2,2,0,1,1,1,1,0,0,0,0,0,2.5,0
16,Jamtland,13.081,0.076446755,0.688020794,81,42,1,2,9,2,1,1,1,1,1,0,0,0,0,1.6,0
17,Jamtland,13.081,0.076446755,0.076446755,63,81,1,1,1,9,1,1,1,1,1,0,0,0,0,4.4,0
18,Jamtland,13.081,0.076446755,0.305787019,81,63,1,1,4,1,1,1,1,1,1,0,0,0,0,2.1,0
19,Jamtland,13.081,0.305787019,0.229340265,80,81,4,1,3,4,1,1,1,1,1,0,0,0,0,2.6,0
20,Jamtland,13.081,0,0.611574039,102,80,0,4,8,3,1,1,1,1,1,1,0,0,0,1,0
21,Jamtland,13.081,0.229340265,0.458680529,97,102,3,0,6,8,1,1,1,1,1,1,0,0,0,6.9,1
22,Jamtland,13.081,0,0.229340265,94,97,0,3,3,6,1,1,1,1,1,1,1,0,0,10.5,2
23,Jamtland,13.081,0.076446755,0.382233774,81,94,1,0,5,3,1,1,1,1,1,1,1,1,0,12.6,2
24,Jamtland,13.081,0,0.458680529,74,81,0,1,6,5,1,1,1,1,1,1,1,1,0,13.6,2
25,Jamtland,13.081,0,0.458680529,88,74,0,0,6,6,1,1,1,1,1,1,1,1,0,18.6,3
26,Jamtland,13.081,0,0.229340265,54,88,0,0,3,6,1,1,1,1,1,1,1,1,1,20.1,3
27,Jamtland,13.081,0.076446755,0.229340265,37,54,1,0,3,3,1,1,1,1,1,1,1,1,1,9.6,1
28,Jamtland,13.081,0,0,21,37,0,1,0,3,1,1,1,1,1,1,1,1,1,9.4,1
29,Jamtland,13.081,0.076446755,0,21,21,1,0,0,0,1,1,1,1,1,1,1,1,1,13.8,2
30,Jamtland,13.081,0,0,19,21,0,1,0,0,1,1,1,1,1,1,1,1,1,10.2,2
31,Jamtland,13.081,0.076446755,0.076446755,10,19,1,0,1,0,1,1,1,1,1,1,1,1,1,15.1,3
32,Jamtland,13.081,0.076446755,0.15289351,19,10,1,1,2,1,1,1,1,1,1,1,1,1,1,17,3
33,Jamtland,13.081,0,0,18,19,0,1,0,2,1,1,1,1,1,1,1,1,1,16.9,3
34,Jamtland,13.081,0,0.15289351,2,18,0,0,2,0,1,1,1,1,1,1,1,1,1,17.1,3
35,Jamtland,13.081,0,0,12,2,0,0,0,2,1,1,1,1,1,1,1,1,1,10.4,2
36,Jamtland,13.081,0,0,22,12,0,0,0,0,1,1,1,1,1,1,1,1,1,10.8,2
37,Jamtland,13.081,0,0,9,22,0,0,0,0,1,1,1,1,1,1,1,1,1,8.6,1
38,Jamtland,13.081,0,0,18,9,0,0,0,0,1,1,1,1,1,1,1,1,1,7.4,1
39,Jamtland,13.081,0,0,27,18,0,0,0,0,1,1,1,1,1,1,1,1,1,7.2,1
40,Jamtland,13.081,0,0,56,27,0,0,0,0,1,1,1,1,1,1,1,1,1,9,1
41,Jamtland,13.081,0.15289351,0,124,56,2,0,0,0,1,1,1,1,1,1,1,1,1,7.6,1
42,Jamtland,13.081,0,0,106,124,0,2,0,0,1,1,1,1,1,1,1,1,1,3.6,0
1,Jonkoping,39.3599,0,0,0,0,0,0,0,0,0,0,0,0,0,0,0,0,0,3.3,0
2,Jonkoping,39.3599,0,0,0,0,0,0,0,0,0,0,0,0,0,0,0,0,0,4.6,0
3,Jonkoping,39.3599,0,0,0,0,0,0,0,0,0,0,0,0,0,0,0,0,0,4.9,0
4,Jonkoping,39.3599,0,0,0,0,0,0,0,0,0,0,0,0,0,0,0,0,0,4.4,0
5,Jonkoping,39.3599,0,0,0,0,0,0,0,0,0,0,0,0,0,0,0,0,0,4.2,0
6,Jonkoping,39.3599,0,0,1,0,0,0,0,0,0,0,0,0,0,0,0,0,0,2.4,0
7,Jonkoping,39.3599,0,0,0,1,0,0,0,0,0,0,0,0,0,0,0,0,0,4.4,0
8,Jonkoping,39.3599,0,0,0,0,0,0,0,0,0,0,0,0,0,0,0,0,0,4.6,0
9,Jonkoping,39.3599,0,0,1,0,0,0,0,0,0,0,0,0,0,0,0,0,0,0.3,0
10,Jonkoping,39.3599,0,0,2,1,0,0,0,0,0,0,0,0,0,0,0,0,0,2.5,0
11,Jonkoping,39.3599,0.025406569,0,37,2,1,0,0,0,0,0,0,0,0,0,0,0,0,3.8,0
12,Jonkoping,39.3599,0,0,15,37,0,1,0,0,1,0,0,0,0,0,0,0,0,3.8,0
13,Jonkoping,39.3599,0.228659118,0.203252549,56,15,9,0,8,0,1,1,0,0,0,0,0,0,0,2.4,0
14,Jonkoping,39.3599,0.304878823,0.304878823,133,56,12,9,12,8,1,1,1,0,0,0,0,0,0,4.2,0
15,Jonkoping,39.3599,0.254065686,0.330285392,105,133,10,12,13,12,1,1,1,1,0,0,0,0,0,6.7,1
16,Jonkoping,39.3599,0.152439412,0.330285392,153,105,6,10,13,13,1,1,1,1,1,0,0,0,0,5.8,1
17,Jonkoping,39.3599,0.228659118,0.431911666,182,153,9,6,17,13,1,1,1,1,1,0,0,0,0,9.4,1
18,Jonkoping,39.3599,0.127032843,0.584351078,160,182,5,9,23,17,1,1,1,1,1,0,0,0,0,6.8,1
19,Jonkoping,39.3599,0.101626274,0.533537941,156,160,4,5,21,23,1,1,1,1,1,0,0,0,0,8.5,1
20,Jonkoping,39.3599,0.101626274,0.457318235,168,156,4,4,18,21,1,1,1,1,1,1,0,0,0,6.1,1
21,Jonkoping,39.3599,0.152439412,0.203252549,162,168,6,4,8,18,1,1,1,1,1,1,0,0,0,10.6,2
22,Jonkoping,39.3599,0.17784598,0.228659118,224,162,7,6,9,8,1,1,1,1,1,1,1,0,0,13.5,2
23,Jonkoping,39.3599,0.127032843,0.152439412,218,224,5,7,6,9,1,1,1,1,1,1,1,1,0,14.1,2
24,Jonkoping,39.3599,0.076219706,0.228659118,636,218,3,5,9,6,1,1,1,1,1,1,1,1,0,16.9,3
25,Jonkoping,39.3599,0.127032843,0.17784598,767,636,5,3,7,9,1,1,1,1,1,1,1,1,0,18.9,3
26,Jonkoping,39.3599,0.127032843,0.17784598,787,767,5,5,7,7,1,1,1,1,1,1,1,1,1,19.5,3
27,Jonkoping,39.3599,0.050813137,0.101626274,339,787,2,5,4,7,1,1,1,1,1,1,1,1,1,14.9,2
28,Jonkoping,39.3599,0.025406569,0.101626274,177,339,1,2,4,4,1,1,1,1,1,1,1,1,1,12.8,2
29,Jonkoping,39.3599,0,0,105,177,0,1,0,4,1,1,1,1,1,1,1,1,1,15.9,3
30,Jonkoping,39.3599,0.025406569,0,60,105,1,0,0,0,1,1,1,1,1,1,1,1,1,14.7,2
31,Jonkoping,39.3599,0,0.025406569,63,60,0,1,1,0,1,1,1,1,1,1,1,1,1,16.2,3
32,Jonkoping,39.3599,0,0,81,63,0,0,0,1,1,1,1,1,1,1,1,1,1,17.4,3
33,Jonkoping,39.3599,0,0.025406569,68,81,0,0,1,0,1,1,1,1,1,1,1,1,1,19.4,3
34,Jonkoping,39.3599,0,0,62,68,0,0,0,1,1,1,1,1,1,1,1,1,1,18.4,3
35,Jonkoping,39.3599,0,0,32,62,0,0,0,0,1,1,1,1,1,1,1,1,1,13.4,2
36,Jonkoping,39.3599,0.025406569,0,78,32,1,0,0,0,1,1,1,1,1,1,1,1,1,13.3,2
37,Jonkoping,39.3599,0,0.025406569,132,78,0,1,1,0,1,1,1,1,1,1,1,1,1,13.1,2
38,Jonkoping,39.3599,0,0,105,132,0,0,0,1,1,1,1,1,1,1,1,1,1,12.7,2
39,Jonkoping,39.3599,0,0.025406569,96,105,0,0,1,0,1,1,1,1,1,1,1,1,1,13.6,2
40,Jonkoping,39.3599,0,0,114,96,0,0,0,1,1,1,1,1,1,1,1,1,1,13.3,2
41,Jonkoping,39.3599,0.025406569,0,198,114,1,0,0,0,1,1,1,1,1,1,1,1,1,10.2,2
42,Jonkoping,39.3599,0.025406569,0,274,198,1,1,0,0,1,1,1,1,1,1,1,1,1,5.6,1
1,Kalmar,24.5446,0,0,0,0,0,0,0,0,0,0,0,0,0,0,0,0,0,2.8,0
2,Kalmar,24.5446,0,0,0,0,0,0,0,0,0,0,0,0,0,0,0,0,0,4.6,0
3,Kalmar,24.5446,0,0,0,0,0,0,0,0,0,0,0,0,0,0,0,0,0,4.7,0
4,Kalmar,24.5446,0,0,0,0,0,0,0,0,0,0,0,0,0,0,0,0,0,4.5,0
5,Kalmar,24.5446,0,0,0,0,0,0,0,0,0,0,0,0,0,0,0,0,0,4.1,0
6,Kalmar,24.5446,0,0,0,0,0,0,0,0,0,0,0,0,0,0,0,0,0,2.6,0
7,Kalmar,24.5446,0,0,0,0,0,0,0,0,0,0,0,0,0,0,0,0,0,4,0
8,Kalmar,24.5446,0,0,0,0,0,0,0,0,0,0,0,0,0,0,0,0,0,4.7,0
9,Kalmar,24.5446,0,0,0,0,0,0,0,0,0,0,0,0,0,0,0,0,0,0.7,0
10,Kalmar,24.5446,0,0,0,0,0,0,0,0,0,0,0,0,0,0,0,0,0,3,0
11,Kalmar,24.5446,0,0,7,0,0,0,0,0,0,0,0,0,0,0,0,0,0,4,0
12,Kalmar,24.5446,0,0,5,7,0,0,0,0,1,0,0,0,0,0,0,0,0,4.6,0
13,Kalmar,24.5446,0.040742159,0.040742159,19,5,1,0,1,0,1,1,0,0,0,0,0,0,0,3.3,0
14,Kalmar,24.5446,0.162968637,0.081484318,21,19,4,1,2,1,1,1,1,0,0,0,0,0,0,4.7,0
15,Kalmar,24.5446,0.122226478,0.040742159,19,21,3,4,1,2,1,1,1,1,0,0,0,0,0,8.4,1
16,Kalmar,24.5446,0.203710796,0.122226478,28,19,5,3,3,1,1,1,1,1,1,0,0,0,0,7.6,1
17,Kalmar,24.5446,0.162968637,0.162968637,43,28,4,5,4,3,1,1,1,1,1,0,0,0,0,9.4,1
18,Kalmar,24.5446,0.081484318,0.285195114,40,43,2,4,7,4,1,1,1,1,1,0,0,0,0,7.7,1
19,Kalmar,24.5446,0.122226478,0.325937273,43,40,3,2,8,7,1,1,1,1,1,0,0,0,0,10,2
20,Kalmar,24.5446,0.040742159,0.244452955,30,43,1,3,6,8,1,1,1,1,1,1,0,0,0,7.8,1
21,Kalmar,24.5446,0,0.203710796,24,30,0,1,5,6,1,1,1,1,1,1,0,0,0,10.9,2
22,Kalmar,24.5446,0.040742159,0.203710796,73,24,1,0,5,5,1,1,1,1,1,1,1,0,0,13.5,2
23,Kalmar,24.5446,0.122226478,0.081484318,56,73,3,1,2,5,1,1,1,1,1,1,1,1,0,13.2,2
24,Kalmar,24.5446,0.040742159,0.081484318,71,56,1,3,2,2,1,1,1,1,1,1,1,1,0,16,3
25,Kalmar,24.5446,0,0.244452955,71,71,0,1,6,2,1,1,1,1,1,1,1,1,0,16.8,3
26,Kalmar,24.5446,0.040742159,0.081484318,63,71,1,0,2,6,1,1,1,1,1,1,1,1,1,19.7,3
27,Kalmar,24.5446,0,0.162968637,85,64,0,1,4,2,1,1,1,1,1,1,1,1,1,16.8,3
28,Kalmar,24.5446,0.040742159,0.081484318,34,85,1,0,2,4,1,1,1,1,1,1,1,1,1,14.5,2
29,Kalmar,24.5446,0.040742159,0.040742159,14,34,1,1,1,2,1,1,1,1,1,1,1,1,1,18.3,3
30,Kalmar,24.5446,0,0,17,14,0,1,0,1,1,1,1,1,1,1,1,1,1,16.3,3
31,Kalmar,24.5446,0,0,16,17,0,0,0,0,1,1,1,1,1,1,1,1,1,17.4,3
32,Kalmar,24.5446,0,0,14,16,0,0,0,0,1,1,1,1,1,1,1,1,1,19.4,3
33,Kalmar,24.5446,0,0.040742159,26,14,0,0,1,0,1,1,1,1,1,1,1,1,1,19.5,3
34,Kalmar,24.5446,0,0,41,26,0,0,0,1,1,1,1,1,1,1,1,1,1,19.5,3
35,Kalmar,24.5446,0,0.040742159,24,41,0,0,1,0,1,1,1,1,1,1,1,1,1,14.6,2
36,Kalmar,24.5446,0,0,9,24,0,0,0,1,1,1,1,1,1,1,1,1,1,14.9,2
37,Kalmar,24.5446,0,0.040742159,8,9,0,0,1,0,1,1,1,1,1,1,1,1,1,13.7,2
38,Kalmar,24.5446,0,0,11,8,0,0,0,1,1,1,1,1,1,1,1,1,1,14.3,2
39,Kalmar,24.5446,0,0,11,11,0,0,0,0,1,1,1,1,1,1,1,1,1,14,2
40,Kalmar,24.5446,0,0,14,11,0,0,0,0,1,1,1,1,1,1,1,1,1,13.3,2
41,Kalmar,24.5446,0,0,21,14,0,0,0,0,1,1,1,1,1,1,1,1,1,10.9,2
42,Kalmar,24.5446,0,0,37,21,0,0,0,0,1,1,1,1,1,1,1,1,1,6.8,1
1,Kronoberg,20.1469,0,0,0,0,0,0,0,0,0,0,0,0,0,0,0,0,0,2,0
2,Kronoberg,20.1469,0,0,0,0,0,0,0,0,0,0,0,0,0,0,0,0,0,4.5,0
3,Kronoberg,20.1469,0,0,0,0,0,0,0,0,0,0,0,0,0,0,0,0,0,4.5,0
4,Kronoberg,20.1469,0,0,0,0,0,0,0,0,0,0,0,0,0,0,0,0,0,4,0
5,Kronoberg,20.1469,0,0,0,0,0,0,0,0,0,0,0,0,0,0,0,0,0,4.4,0
6,Kronoberg,20.1469,0,0,0,0,0,0,0,0,0,0,0,0,0,0,0,0,0,2.5,0
7,Kronoberg,20.1469,0,0,0,0,0,0,0,0,0,0,0,0,0,0,0,0,0,4,0
8,Kronoberg,20.1469,0,0,0,0,0,0,0,0,0,0,0,0,0,0,0,0,0,4.4,0
9,Kronoberg,20.1469,0,0,0,0,0,0,0,0,0,0,0,0,0,0,0,0,0,0.5,0
10,Kronoberg,20.1469,0,0,0,0,0,0,0,0,0,0,0,0,0,0,0,0,0,2.7,0
11,Kronoberg,20.1469,0,0.049635428,15,0,0,0,1,0,0,0,0,0,0,0,0,0,0,4.1,0
12,Kronoberg,20.1469,0,0,3,15,0,0,0,1,1,0,0,0,0,0,0,0,0,4.2,0
13,Kronoberg,20.1469,0,0,15,3,0,0,0,0,1,1,0,0,0,0,0,0,0,1.8,0
14,Kronoberg,20.1469,0.049635428,0.049635428,20,15,1,0,1,0,1,1,1,0,0,0,0,0,0,3.8,0
15,Kronoberg,20.1469,0,0.049635428,47,20,0,1,1,1,1,1,1,1,0,0,0,0,0,7.1,1
16,Kronoberg,20.1469,0.099270856,0.397083422,75,47,2,0,8,1,1,1,1,1,1,0,0,0,0,5.9,1
17,Kronoberg,20.1469,0.198541711,0.397083422,88,75,4,2,8,8,1,1,1,1,1,0,0,0,0,9.2,1
18,Kronoberg,20.1469,0.049635428,0.397083422,91,88,1,4,8,8,1,1,1,1,1,0,0,0,0,7,1
19,Kronoberg,20.1469,0.099270856,0.645260561,147,91,2,1,13,8,1,1,1,1,1,0,0,0,0,8.8,1
20,Kronoberg,20.1469,0.099270856,0.44671885,129,147,2,2,9,13,1,1,1,1,1,1,0,0,0,6.2,1
21,Kronoberg,20.1469,0.148906283,0.595625133,115,129,3,2,12,9,1,1,1,1,1,1,0,0,0,10.7,2
22,Kronoberg,20.1469,0.099270856,0.496354278,105,115,2,3,10,12,1,1,1,1,1,1,1,0,0,13.2,2
23,Kronoberg,20.1469,0,0.44671885,81,105,0,2,9,10,1,1,1,1,1,1,1,1,0,13.2,2
24,Kronoberg,20.1469,0.099270856,0.248177139,73,81,2,0,5,9,1,1,1,1,1,1,1,1,0,16.4,3
25,Kronoberg,20.1469,0.099270856,0.198541711,34,73,2,2,4,5,1,1,1,1,1,1,1,1,0,18.3,3
26,Kronoberg,20.1469,0.049635428,0.248177139,25,34,1,2,5,4,1,1,1,1,1,1,1,1,1,19.4,3
27,Kronoberg,20.1469,0.049635428,0.099270856,10,25,1,1,2,5,1,1,1,1,1,1,1,1,1,15.2,3
28,Kronoberg,20.1469,0,0.049635428,19,10,0,1,1,2,1,1,1,1,1,1,1,1,1,12.2,2
29,Kronoberg,20.1469,0,0,27,19,0,0,0,1,1,1,1,1,1,1,1,1,1,15.7,3
30,Kronoberg,20.1469,0,0.049635428,19,27,0,0,1,0,1,1,1,1,1,1,1,1,1,15.2,3
31,Kronoberg,20.1469,0,0.099270856,28,19,0,0,2,1,1,1,1,1,1,1,1,1,1,15.9,3
32,Kronoberg,20.1469,0,0.049635428,62,28,0,0,1,2,1,1,1,1,1,1,1,1,1,18.8,3
33,Kronoberg,20.1469,0,0.049635428,90,62,0,0,1,1,1,1,1,1,1,1,1,1,1,19.5,3
34,Kronoberg,20.1469,0,0.099270856,46,90,0,0,2,1,1,1,1,1,1,1,1,1,1,17.4,3
35,Kronoberg,20.1469,0,0,43,46,0,0,0,2,1,1,1,1,1,1,1,1,1,13.9,2
36,Kronoberg,20.1469,0,0,38,43,0,0,0,0,1,1,1,1,1,1,1,1,1,13.1,2
37,Kronoberg,20.1469,0,0.099270856,60,38,0,0,2,0,1,1,1,1,1,1,1,1,1,13,2
38,Kronoberg,20.1469,0.049635428,0.049635428,88,60,1,0,1,2,1,1,1,1,1,1,1,1,1,12.2,2
39,Kronoberg,20.1469,0,0.049635428,112,88,0,1,1,1,1,1,1,1,1,1,1,1,1,14.2,2
40,Kronoberg,20.1469,0,0,76,112,0,0,0,1,1,1,1,1,1,1,1,1,1,12.8,2
41,Kronoberg,20.1469,0,0.049635428,69,76,0,0,1,0,1,1,1,1,1,1,1,1,1,9.7,1
42,Kronoberg,20.1469,0.049635428,0.099270856,121,69,1,0,2,1,1,1,1,1,1,1,1,1,1,4.9,0
1,Norrbotten,25.0093,0,0,0,0,0,0,0,0,0,0,0,0,0,0,0,0,0,-2.1,0
2,Norrbotten,25.0093,0,0,0,0,0,0,0,0,0,0,0,0,0,0,0,0,0,-2.5,0
3,Norrbotten,25.0093,0,0,0,0,0,0,0,0,0,0,0,0,0,0,0,0,0,-5.6,0
4,Norrbotten,25.0093,0,0,0,0,0,0,0,0,0,0,0,0,0,0,0,0,0,-4.5,0
5,Norrbotten,25.0093,0,0,0,0,0,0,0,0,0,0,0,0,0,0,0,0,0,-7.6,0
6,Norrbotten,25.0093,0,0,0,0,0,0,0,0,0,0,0,0,0,0,0,0,0,-8.4,0
7,Norrbotten,25.0093,0,0,0,0,0,0,0,0,0,0,0,0,0,0,0,0,0,-5.3,0
8,Norrbotten,25.0093,0,0,0,0,0,0,0,0,0,0,0,0,0,0,0,0,0,-3.1,0
9,Norrbotten,25.0093,0,0,0,0,0,0,0,0,0,0,0,0,0,0,0,0,0,-10.2,0
10,Norrbotten,25.0093,0,0,0,0,0,0,0,0,0,0,0,0,0,0,0,0,0,-7.2,0
11,Norrbotten,25.0093,0,0,6,0,0,0,0,0,0,0,0,0,0,0,0,0,0,-2.7,0
12,Norrbotten,25.0093,0.119955377,0,14,6,3,0,0,0,1,0,0,0,0,0,0,0,0,-4,0
13,Norrbotten,25.0093,0.199925628,0.079970251,29,14,5,3,2,0,1,1,0,0,0,0,0,0,0,-0.1,0
14,Norrbotten,25.0093,0.199925628,0.119955377,35,29,5,5,3,2,1,1,1,0,0,0,0,0,0,-4.7,0
15,Norrbotten,25.0093,0.199925628,0.35986613,54,35,5,5,9,3,1,1,1,1,0,0,0,0,0,-0.4,0
16,Norrbotten,25.0093,0.199925628,0.439836381,55,54,5,5,11,9,1,1,1,1,1,0,0,0,0,1,0
17,Norrbotten,25.0093,0.199925628,0.239910753,41,55,5,5,6,11,1,1,1,1,1,0,0,0,0,3.1,0
18,Norrbotten,25.0093,0.119955377,0.199925628,36,41,3,5,5,6,1,1,1,1,1,0,0,0,0,0.1,0
19,Norrbotten,25.0093,0.119955377,0.159940502,30,36,3,3,4,5,1,1,1,1,1,0,0,0,0,1.6,0
20,Norrbotten,25.0093,0.079970251,0,38,30,2,3,0,4,1,1,1,1,1,1,0,0,0,0.5,0
21,Norrbotten,25.0093,0.039985126,0.079970251,22,38,1,2,2,0,1,1,1,1,1,1,0,0,0,5.2,1
22,Norrbotten,25.0093,0,0.239910753,56,22,0,1,6,2,1,1,1,1,1,1,1,0,0,10.6,2
23,Norrbotten,25.0093,0.119955377,0.239910753,87,56,3,0,6,6,1,1,1,1,1,1,1,1,0,12.6,2
24,Norrbotten,25.0093,0.119955377,0.199925628,182,87,3,3,5,6,1,1,1,1,1,1,1,1,0,14.4,2
25,Norrbotten,25.0093,0.199925628,0.279895879,256,179,5,3,7,5,1,1,1,1,1,1,1,1,0,15.9,3
26,Norrbotten,25.0093,0.119955377,0.079970251,341,256,3,5,2,7,1,1,1,1,1,1,1,1,1,18.8,3
27,Norrbotten,25.0093,0.079970251,0.119955377,110,341,2,3,3,2,1,1,1,1,1,1,1,1,1,10.7,2
28,Norrbotten,25.0093,0,0.239910753,101,110,0,2,6,3,1,1,1,1,1,1,1,1,1,10.9,2
29,Norrbotten,25.0093,0.039985126,0.119955377,45,101,1,0,3,6,1,1,1,1,1,1,1,1,1,14.5,2
30,Norrbotten,25.0093,0.039985126,0.199925628,39,45,1,1,5,3,1,1,1,1,1,1,1,1,1,11.9,2
31,Norrbotten,25.0093,0.119955377,0,25,39,3,1,0,5,1,1,1,1,1,1,1,1,1,14.5,2
32,Norrbotten,25.0093,0.039985126,0.039985126,24,25,1,3,1,0,1,1,1,1,1,1,1,1,1,14.8,2
33,Norrbotten,25.0093,0.039985126,0.079970251,24,24,1,1,2,1,1,1,1,1,1,1,1,1,1,13,2
34,Norrbotten,25.0093,0,0,7,24,0,1,0,2,1,1,1,1,1,1,1,1,1,14.4,2
35,Norrbotten,25.0093,0,0,10,7,0,0,0,0,1,1,1,1,1,1,1,1,1,8,1
36,Norrbotten,25.0093,0,0,5,10,0,0,0,0,1,1,1,1,1,1,1,1,1,9.8,1
37,Norrbotten,25.0093,0,0,7,5,0,0,0,0,1,1,1,1,1,1,1,1,1,8,1
38,Norrbotten,25.0093,0,0,15,7,0,0,0,0,1,1,1,1,1,1,1,1,1,6.3,1
39,Norrbotten,25.0093,0,0,28,15,0,0,0,0,1,1,1,1,1,1,1,1,1,6,1
40,Norrbotten,25.0093,0.039985126,0,74,28,1,0,0,0,1,1,1,1,1,1,1,1,1,8,1
41,Norrbotten,25.0093,0.079970251,0,96,74,2,1,0,0,1,1,1,1,1,1,1,1,1,7.5,1
42,Norrbotten,25.0093,0.039985126,0,92,96,1,2,0,0,1,1,1,1,1,1,1,1,1,1.6,0
1,Orebro,30.4805,0,0,0,0,0,0,0,0,0,0,0,0,0,0,0,0,0,1.6,0
2,Orebro,30.4805,0,0,0,0,0,0,0,0,0,0,0,0,0,0,0,0,0,1.4,0
3,Orebro,30.4805,0,0,0,0,0,0,0,0,0,0,0,0,0,0,0,0,0,2.8,0
4,Orebro,30.4805,0,0,0,0,0,0,0,0,0,0,0,0,0,0,0,0,0,2.1,0
5,Orebro,30.4805,0,0,0,0,0,0,0,0,0,0,0,0,0,0,0,0,0,1.5,0
6,Orebro,30.4805,0,0,0,0,0,0,0,0,0,0,0,0,0,0,0,0,0,-0.5,0
7,Orebro,30.4805,0,0,0,0,0,0,0,0,0,0,0,0,0,0,0,0,0,1.4,0
8,Orebro,30.4805,0,0,0,0,0,0,0,0,0,0,0,0,0,0,0,0,0,2.4,0
9,Orebro,30.4805,0,0,0,0,0,0,0,0,0,0,0,0,0,0,0,0,0,-2.5,0
10,Orebro,30.4805,0,0,4,0,0,0,0,0,0,0,0,0,0,0,0,0,0,-0.2,0
11,Orebro,30.4805,0,0,5,4,0,0,0,0,0,0,0,0,0,0,0,0,0,1.3,0
12,Orebro,30.4805,0.032807861,0,33,5,1,0,0,0,1,0,0,0,0,0,0,0,0,1.2,0
13,Orebro,30.4805,0.196847165,0,48,33,6,1,0,0,1,1,0,0,0,0,0,0,0,2.6,0
14,Orebro,30.4805,0.295270747,0.229655025,84,48,9,6,7,0,1,1,1,0,0,0,0,0,0,1.3,0
15,Orebro,30.4805,0.295270747,0.492117911,227,84,9,9,15,7,1,1,1,1,0,0,0,0,0,4.9,0
16,Orebro,30.4805,0.42650219,0.557733633,224,227,13,9,17,15,1,1,1,1,1,0,0,0,0,4.9,0
17,Orebro,30.4805,0.295270747,0.557733633,247,224,9,13,17,17,1,1,1,1,1,0,0,0,0,8.9,1
18,Orebro,30.4805,0.393694329,0.524925772,238,247,12,9,16,17,1,1,1,1,1,0,0,0,0,3.7,0
19,Orebro,30.4805,0.196847165,0.688965076,218,238,6,12,21,16,1,1,1,1,1,0,0,0,0,6.6,1
20,Orebro,30.4805,0.065615722,0.492117911,176,218,2,6,15,21,1,1,1,1,1,1,0,0,0,4,0
21,Orebro,30.4805,0.098423582,0.721772937,172,176,3,2,22,15,1,1,1,1,1,1,0,0,0,8.8,1
22,Orebro,30.4805,0.032807861,0.328078608,119,172,1,3,10,22,1,1,1,1,1,1,1,0,0,13.2,2
23,Orebro,30.4805,0.065615722,0.164039304,180,119,2,1,5,10,1,1,1,1,1,1,1,1,0,13.9,2
24,Orebro,30.4805,0.164039304,0.262462886,133,181,5,2,8,5,1,1,1,1,1,1,1,1,0,15.6,3
25,Orebro,30.4805,0.032807861,0.229655025,118,133,1,5,7,8,1,1,1,1,1,1,1,1,0,18.3,3
26,Orebro,30.4805,0,0.196847165,88,118,0,1,6,7,1,1,1,1,1,1,1,1,1,20,3
27,Orebro,30.4805,0.065615722,0.098423582,66,88,2,0,3,6,1,1,1,1,1,1,1,1,1,13.4,2
28,Orebro,30.4805,0,0.032807861,47,66,0,2,1,3,1,1,1,1,1,1,1,1,1,11.6,2
29,Orebro,30.4805,0.032807861,0.032807861,28,47,1,0,1,1,1,1,1,1,1,1,1,1,1,15.2,3
30,Orebro,30.4805,0,0,22,28,0,1,0,1,1,1,1,1,1,1,1,1,1,13.2,2
31,Orebro,30.4805,0,0,40,22,0,0,0,0,1,1,1,1,1,1,1,1,1,14.4,2
32,Orebro,30.4805,0.032807861,0,51,40,1,0,0,0,1,1,1,1,1,1,1,1,1,15.6,3
33,Orebro,30.4805,0,0,45,51,0,1,0,0,1,1,1,1,1,1,1,1,1,18,3
34,Orebro,30.4805,0,0,32,45,0,0,0,0,1,1,1,1,1,1,1,1,1,16.8,3
35,Orebro,30.4805,0,0,13,32,0,0,0,0,1,1,1,1,1,1,1,1,1,10.5,2
36,Orebro,30.4805,0,0,86,13,0,0,0,0,1,1,1,1,1,1,1,1,1,11.6,2
37,Orebro,30.4805,0.032807861,0.032807861,75,86,1,0,1,0,1,1,1,1,1,1,1,1,1,10.4,2
38,Orebro,30.4805,0,0,85,75,0,1,0,1,1,1,1,1,1,1,1,1,1,10.9,2
39,Orebro,30.4805,0,0,59,85,0,0,0,0,1,1,1,1,1,1,1,1,1,10.9,2
40,Orebro,30.4805,0,0,158,59,0,0,0,0,1,1,1,1,1,1,1,1,1,10.9,2
41,Orebro,30.4805,0,0,258,158,0,0,0,0,1,1,1,1,1,1,1,1,1,8.9,1
42,Orebro,30.4805,0,0,331,258,0,0,0,0,1,1,1,1,1,1,1,1,1,3.7,0
1,Ostergotland,46.5495,0,0,0,0,0,0,0,0,0,0,0,0,0,0,0,0,0,4.5,0
2,Ostergotland,46.5495,0,0,0,0,0,0,0,0,0,0,0,0,0,0,0,0,0,5,1
3,Ostergotland,46.5495,0,0,0,0,0,0,0,0,0,0,0,0,0,0,0,0,0,5.6,1
4,Ostergotland,46.5495,0,0,0,0,0,0,0,0,0,0,0,0,0,0,0,0,0,5.1,1
5,Ostergotland,46.5495,0,0,0,0,0,0,0,0,0,0,0,0,0,0,0,0,0,4.5,0
6,Ostergotland,46.5495,0,0,0,0,0,0,0,0,0,0,0,0,0,0,0,0,0,2.9,0
7,Ostergotland,46.5495,0,0,0,0,0,0,0,0,0,0,0,0,0,0,0,0,0,4.4,0
8,Ostergotland,46.5495,0,0,0,0,0,0,0,0,0,0,0,0,0,0,0,0,0,5.3,1
9,Ostergotland,46.5495,0,0,0,0,0,0,0,0,0,0,0,0,0,0,0,0,0,0.7,0
10,Ostergotland,46.5495,0,0,0,0,0,0,0,0,0,0,0,0,0,0,0,0,0,2.7,0
11,Ostergotland,46.5495,0,0,27,0,0,0,0,0,0,0,0,0,0,0,0,0,0,4.2,0
12,Ostergotland,46.5495,0.171860063,0.085930031,124,27,8,0,4,0,1,0,0,0,0,0,0,0,0,3.9,0
13,Ostergotland,46.5495,0.429650157,0.150377555,202,124,20,8,7,4,1,1,0,0,0,0,0,0,0,3.5,0
14,Ostergotland,46.5495,0.279272602,0.472615173,334,202,13,20,22,7,1,1,1,0,0,0,0,0,0,4.8,0
15,Ostergotland,46.5495,0.236307587,0.537062697,286,334,11,13,25,22,1,1,1,1,0,0,0,0,0,6.3,1
16,Ostergotland,46.5495,0.408167649,0.644475236,201,286,19,11,30,25,1,1,1,1,1,0,0,0,0,5.8,1
17,Ostergotland,46.5495,0.257790094,0.622992728,186,201,12,19,29,30,1,1,1,1,1,0,0,0,0,9.5,1
18,Ostergotland,46.5495,0.085930031,0.558545205,133,186,4,12,26,29,1,1,1,1,1,0,0,0,0,7.1,1
19,Ostergotland,46.5495,0.064447524,0.408167649,130,133,3,4,19,26,1,1,1,1,1,0,0,0,0,8.1,1
20,Ostergotland,46.5495,0.085930031,0.30075511,130,130,4,3,14,19,1,1,1,1,1,1,0,0,0,6.3,1
21,Ostergotland,46.5495,0.064447524,0.343720126,155,130,3,4,16,14,1,1,1,1,1,1,0,0,0,10.5,2
22,Ostergotland,46.5495,0.021482508,0.171860063,65,155,1,3,8,16,1,1,1,1,1,1,1,0,0,13.4,2
23,Ostergotland,46.5495,0.107412539,0.236307587,287,65,5,1,11,8,1,1,1,1,1,1,1,1,0,14.7,2
24,Ostergotland,46.5495,0.021482508,0.236307587,279,287,1,5,11,11,1,1,1,1,1,1,1,1,0,17.3,3
25,Ostergotland,46.5495,0.021482508,0.107412539,312,279,1,1,5,11,1,1,1,1,1,1,1,1,0,19.2,3
26,Ostergotland,46.5495,0.042965016,0.107412539,315,312,2,1,5,5,1,1,1,1,1,1,1,1,1,19.2,3
27,Ostergotland,46.5495,0,0.128895047,184,315,0,2,6,5,1,1,1,1,1,1,1,1,1,15.3,3
28,Ostergotland,46.5495,0,0.021482508,60,184,0,0,1,6,1,1,1,1,1,1,1,1,1,13.5,2
29,Ostergotland,46.5495,0,0.021482508,51,60,0,0,1,1,1,1,1,1,1,1,1,1,1,15.7,3
30,Ostergotland,46.5495,0,0,26,51,0,0,0,1,1,1,1,1,1,1,1,1,1,15,2
31,Ostergotland,46.5495,0,0,43,26,0,0,0,0,1,1,1,1,1,1,1,1,1,16.8,3
32,Ostergotland,46.5495,0,0.021482508,88,43,0,0,1,0,1,1,1,1,1,1,1,1,1,15.2,3
33,Ostergotland,46.5495,0,0.021482508,81,88,0,0,1,1,1,1,1,1,1,1,1,1,1,18.9,3
34,Ostergotland,46.5495,0.021482508,0,66,81,1,0,0,1,1,1,1,1,1,1,1,1,1,19.1,3
35,Ostergotland,46.5495,0,0.021482508,28,66,0,1,1,0,1,1,1,1,1,1,1,1,1,13.5,2
36,Ostergotland,46.5495,0,0.042965016,62,28,0,0,2,1,1,1,1,1,1,1,1,1,1,13.7,2
37,Ostergotland,46.5495,0,0.042965016,71,62,0,0,2,2,1,1,1,1,1,1,1,1,1,13.9,2
38,Ostergotland,46.5495,0,0,54,71,0,0,0,2,1,1,1,1,1,1,1,1,1,13.1,2
39,Ostergotland,46.5495,0,0,81,54,0,0,0,0,1,1,1,1,1,1,1,1,1,13.6,2
40,Ostergotland,46.5495,0,0.021482508,142,81,0,0,1,0,1,1,1,1,1,1,1,1,1,13.8,2
41,Ostergotland,46.5495,0,0,130,142,0,0,0,1,1,1,1,1,1,1,1,1,1,10.9,2
42,Ostergotland,46.5495,0.021482508,0,364,130,1,0,0,0,1,1,1,1,1,1,1,1,1,6.3,1
1,Skane,137.7827,0,0,0,0,0,0,0,0,0,0,0,0,0,0,0,0,0,2.6,0
2,Skane,137.7827,0,0,0,0,0,0,0,0,0,0,0,0,0,0,0,0,0,5.5,1
3,Skane,137.7827,0,0,0,0,0,0,0,0,0,0,0,0,0,0,0,0,0,5.3,1
4,Skane,137.7827,0,0,0,0,0,0,0,0,0,0,0,0,0,0,0,0,0,4.8,0
5,Skane,137.7827,0,0,0,0,0,0,0,0,0,0,0,0,0,0,0,0,0,5.4,1
6,Skane,137.7827,0,0,0,0,0,0,0,0,0,0,0,0,0,0,0,0,0,4,0
7,Skane,137.7827,0,0,0,0,0,0,0,0,0,0,0,0,0,0,0,0,0,5,1
8,Skane,137.7827,0,0,0,0,0,0,0,0,0,0,0,0,0,0,0,0,0,5.4,1
9,Skane,137.7827,0,0,0,0,0,0,0,0,0,0,0,0,0,0,0,0,0,2.5,0
10,Skane,137.7827,0,0,22,0,0,0,0,0,0,0,0,0,0,0,0,0,0,3.9,0
11,Skane,137.7827,0.029031221,0,177,22,4,0,0,0,0,0,0,0,0,0,0,0,0,5.4,1
12,Skane,137.7827,0.029031221,0.01451561,32,177,4,4,2,0,1,0,0,0,0,0,0,0,0,5.6,1
13,Skane,137.7827,0.043546831,0.036289026,46,32,6,4,5,2,1,1,0,0,0,0,0,0,0,3.5,0
14,Skane,137.7827,0.065320247,0.058062442,70,46,9,6,8,5,1,1,1,0,0,0,0,0,0,5.2,1
15,Skane,137.7827,0.101609273,0.123382689,99,70,14,9,17,8,1,1,1,1,0,0,0,0,0,8.2,1
16,Skane,137.7827,0.087093663,0.181445131,100,99,12,14,25,17,1,1,1,1,1,0,0,0,0,7.7,1
17,Skane,137.7827,0.065320247,0.087093663,131,100,9,12,12,25,1,1,1,1,1,0,0,0,0,9.9,1
18,Skane,137.7827,0.065320247,0.16692952,181,131,9,9,23,12,1,1,1,1,1,0,0,0,0,9.1,1
19,Skane,137.7827,0.050804637,0.210476352,200,180,7,9,29,23,1,1,1,1,1,0,0,0,0,11.1,2
20,Skane,137.7827,0.01451561,0.145156105,198,200,2,7,20,29,1,1,1,1,1,1,0,0,0,8,1
21,Skane,137.7827,0.079835857,0.232249767,233,198,11,2,32,20,1,1,1,1,1,1,0,0,0,11.5,2
22,Skane,137.7827,0.036289026,0.174187325,254,233,5,11,24,32,1,1,1,1,1,1,1,0,0,14.3,2
23,Skane,137.7827,0.058062442,0.094351468,251,254,8,5,13,24,1,1,1,1,1,1,1,1,0,14.3,2
24,Skane,137.7827,0.050804637,0.145156105,303,251,7,8,20,13,1,1,1,1,1,1,1,1,0,17.2,3
25,Skane,137.7827,0,0.079835857,412,303,0,7,11,20,1,1,1,1,1,1,1,1,0,18.1,3
26,Skane,137.7827,0.021773416,0.065320247,310,412,3,0,9,11,1,1,1,1,1,1,1,1,1,19.7,3
27,Skane,137.7827,0,0.050804637,127,310,0,3,7,9,1,1,1,1,1,1,1,1,1,16.6,3
28,Skane,137.7827,0.007257805,0.01451561,124,127,1,0,2,7,1,1,1,1,1,1,1,1,1,13.9,2
29,Skane,137.7827,0,0.021773416,154,124,0,1,3,2,1,1,1,1,1,1,1,1,1,16.6,3
30,Skane,137.7827,0.01451561,0.007257805,141,154,2,0,1,3,1,1,1,1,1,1,1,1,1,16.4,3
31,Skane,137.7827,0,0,155,141,0,2,0,1,1,1,1,1,1,1,1,1,1,17.3,3
32,Skane,137.7827,0.029031221,0.036289026,184,155,4,0,5,0,1,1,1,1,1,1,1,1,1,19.9,3
33,Skane,137.7827,0.01451561,0.007257805,248,184,2,4,1,5,1,1,1,1,1,1,1,1,1,19.4,3
34,Skane,137.7827,0,0.021773416,299,248,0,2,3,1,1,1,1,1,1,1,1,1,1,19.5,3
35,Skane,137.7827,0,0.007257805,287,299,0,0,1,3,1,1,1,1,1,1,1,1,1,16.6,3
36,Skane,137.7827,0,0.021773416,198,287,0,0,3,1,1,1,1,1,1,1,1,1,1,15.3,3
37,Skane,137.7827,0.01451561,0,218,198,2,0,0,3,1,1,1,1,1,1,1,1,1,14.5,2
38,Skane,137.7827,0.007257805,0.021773416,291,218,1,2,3,0,1,1,1,1,1,1,1,1,1,13.9,2
39,Skane,137.7827,0.007257805,0,260,291,1,1,0,3,1,1,1,1,1,1,1,1,1,14.8,2
40,Skane,137.7827,0.007257805,0.021773416,413,260,1,1,3,0,1,1,1,1,1,1,1,1,1,14.1,2
41,Skane,137.7827,0.01451561,0,365,413,2,1,0,3,1,1,1,1,1,1,1,1,1,10.9,2
42,Skane,137.7827,0.007257805,0.021773416,634,365,1,2,3,0,1,1,1,1,1,1,1,1,1,6.9,1
1,Sodermanland,29.754,0,0,0,0,0,0,0,0,0,0,0,0,0,0,0,0,0,3.7,0
2,Sodermanland,29.754,0,0,0,0,0,0,0,0,0,0,0,0,0,0,0,0,0,4.6,0
3,Sodermanland,29.754,0,0,0,0,0,0,0,0,0,0,0,0,0,0,0,0,0,5,1
4,Sodermanland,29.754,0,0,0,0,0,0,0,0,0,0,0,0,0,0,0,0,0,4.9,0
5,Sodermanland,29.754,0,0,0,0,0,0,0,0,0,0,0,0,0,0,0,0,0,4.4,0
6,Sodermanland,29.754,0,0,0,0,0,0,0,0,0,0,0,0,0,0,0,0,0,1.5,0
7,Sodermanland,29.754,0,0,0,0,0,0,0,0,0,0,0,0,0,0,0,0,0,4,0
8,Sodermanland,29.754,0,0,0,0,0,0,0,0,0,0,0,0,0,0,0,0,0,5.1,1
9,Sodermanland,29.754,0,0,0,0,0,0,0,0,0,0,0,0,0,0,0,0,0,1.5,0
10,Sodermanland,29.754,0,0,0,0,0,0,0,0,0,0,0,0,0,0,0,0,0,3.3,0
11,Sodermanland,29.754,0.067217853,0,21,0,2,0,0,0,0,0,0,0,0,0,0,0,0,4.1,0
12,Sodermanland,29.754,0.302480339,0.235262486,43,21,9,2,7,0,1,0,0,0,0,0,0,0,0,4.1,0
13,Sodermanland,29.754,0.604960678,0.436916045,107,43,18,9,13,7,1,1,0,0,0,0,0,0,0,4.5,0
14,Sodermanland,29.754,0.77300531,1.579619547,295,107,23,18,47,13,1,1,1,0,0,0,0,0,0,4.4,0
15,Sodermanland,29.754,0.87383209,1.714055253,208,295,26,23,51,47,1,1,1,1,0,0,0,0,0,8.2,1
16,Sodermanland,29.754,0.369698192,0.907441016,210,208,11,26,27,51,1,1,1,1,1,0,0,0,0,7.6,1
17,Sodermanland,29.754,0.369698192,0.840223163,211,210,11,11,25,27,1,1,1,1,1,0,0,0,0,9.8,1
18,Sodermanland,29.754,0.201653559,0.504133898,187,211,6,11,15,25,1,1,1,1,1,0,0,0,0,6.5,1
19,Sodermanland,29.754,0.168044633,0.537742824,131,187,5,6,16,15,1,1,1,1,1,0,0,0,0,10,2
20,Sodermanland,29.754,0.235262486,0.336089265,83,131,7,5,10,16,1,1,1,1,1,1,0,0,0,7.3,1
21,Sodermanland,29.754,0.067217853,0.302480339,74,83,2,7,9,10,1,1,1,1,1,1,0,0,0,10.4,2
22,Sodermanland,29.754,0.10082678,0.268871412,90,74,3,2,8,9,1,1,1,1,1,1,1,0,0,13.9,2
23,Sodermanland,29.754,0.201653559,0.168044633,97,90,6,3,5,8,1,1,1,1,1,1,1,1,0,13.8,2
24,Sodermanland,29.754,0,0.067217853,141,98,0,6,2,5,1,1,1,1,1,1,1,1,0,16.8,3
25,Sodermanland,29.754,0.033608927,0.134435706,101,141,1,0,4,2,1,1,1,1,1,1,1,1,0,18.1,3
26,Sodermanland,29.754,0.033608927,0.168044633,172,101,1,1,5,4,1,1,1,1,1,1,1,1,1,20.6,3
27,Sodermanland,29.754,0.067217853,0.067217853,72,172,2,1,2,5,1,1,1,1,1,1,1,1,1,17.5,3
28,Sodermanland,29.754,0,0.033608927,67,71,0,2,1,2,1,1,1,1,1,1,1,1,1,15.2,3
29,Sodermanland,29.754,0,0.201653559,45,67,0,0,6,1,1,1,1,1,1,1,1,1,1,17.6,3
30,Sodermanland,29.754,0,0,18,45,0,0,0,6,1,1,1,1,1,1,1,1,1,16.7,3
31,Sodermanland,29.754,0,0,9,18,0,0,0,0,1,1,1,1,1,1,1,1,1,17.8,3
32,Sodermanland,29.754,0,0,12,9,0,0,0,0,1,1,1,1,1,1,1,1,1,19.5,3
33,Sodermanland,29.754,0,0.033608927,16,12,0,0,1,0,1,1,1,1,1,1,1,1,1,19.6,3
34,Sodermanland,29.754,0,0,9,16,0,0,0,1,1,1,1,1,1,1,1,1,1,20.8,3
35,Sodermanland,29.754,0,0,10,9,0,0,0,0,1,1,1,1,1,1,1,1,1,15.9,3
36,Sodermanland,29.754,0,0,2,10,0,0,0,0,1,1,1,1,1,1,1,1,1,15.4,3
37,Sodermanland,29.754,0,0,16,2,0,0,0,0,1,1,1,1,1,1,1,1,1,14.2,2
38,Sodermanland,29.754,0,0,23,16,0,0,0,0,1,1,1,1,1,1,1,1,1,13.6,2
39,Sodermanland,29.754,0,0,39,23,0,0,0,0,1,1,1,1,1,1,1,1,1,14.4,2
40,Sodermanland,29.754,0.033608927,0,38,39,1,0,0,0,1,1,1,1,1,1,1,1,1,14,2
41,Sodermanland,29.754,0,0,54,38,0,1,0,0,1,1,1,1,1,1,1,1,1,12,2
42,Sodermanland,29.754,0,0,99,54,0,0,0,0,1,1,1,1,1,1,1,1,1,7.4,1
1,Stockholm,237.7081,0,0,0,0,0,0,0,0,0,0,0,0,0,0,0,0,0,3.4,0
2,Stockholm,237.7081,0,0,0,0,0,0,0,0,0,0,0,0,0,0,0,0,0,4.1,0
3,Stockholm,237.7081,0,0,0,0,0,0,0,0,0,0,0,0,0,0,0,0,0,4.7,0
4,Stockholm,237.7081,0,0,0,0,0,0,0,0,0,0,0,0,0,0,0,0,0,4,0
5,Stockholm,237.7081,0,0,0,0,0,0,0,0,0,0,0,0,0,0,0,0,0,3.8,0
6,Stockholm,237.7081,0,0,0,0,0,0,0,0,0,0,0,0,0,0,0,0,0,1,0
7,Stockholm,237.7081,0,0,0,0,0,0,0,0,0,0,0,0,0,0,0,0,0,3.7,0
8,Stockholm,237.7081,0,0,0,0,0,0,0,0,0,0,0,0,0,0,0,0,0,5.4,1
9,Stockholm,237.7081,0,0,4,0,0,0,0,0,0,0,0,0,0,0,0,0,0,0.9,0
10,Stockholm,237.7081,0.00841368,0,140,4,2,0,0,0,0,0,0,0,0,0,0,0,0,3,0
11,Stockholm,237.7081,0.029447882,0.016827361,230,140,7,2,4,0,0,0,0,0,0,0,0,0,0,3.6,0
12,Stockholm,237.7081,0.155653089,0.105171006,407,230,37,7,25,4,1,0,0,0,0,0,0,0,0,3.4,0
13,Stockholm,237.7081,0.412270343,0.53006187,962,407,98,37,126,25,1,1,0,0,0,0,0,0,0,4.8,0
14,Stockholm,237.7081,0.52164819,1.06433058,1348,962,124,98,253,126,1,1,1,0,0,0,0,0,0,4,0
15,Stockholm,237.7081,0.496407148,1.577565089,1415,1348,118,124,375,253,1,1,1,1,0,0,0,0,0,8.1,1
16,Stockholm,237.7081,0.424890864,1.333568355,1408,1415,101,118,317,375,1,1,1,1,1,0,0,0,0,7,1
17,Stockholm,237.7081,0.336547219,1.110605823,1428,1408,80,101,264,317,1,1,1,1,1,0,0,0,0,9.4,1
18,Stockholm,237.7081,0.269237775,1.001227977,1265,1428,64,80,238,264,1,1,1,1,1,0,0,0,0,6.4,1
19,Stockholm,237.7081,0.214548852,0.790885965,1205,1264,51,64,188,238,1,1,1,1,1,0,0,0,0,9.4,1
20,Stockholm,237.7081,0.193514651,0.597371314,1135,1204,46,51,142,188,1,1,1,1,1,1,0,0,0,6.4,1
21,Stockholm,237.7081,0.143032568,0.450131905,902,1135,34,46,107,142,1,1,1,1,1,1,0,0,0,10.3,2
22,Stockholm,237.7081,0.18089413,0.370201941,1191,902,43,34,88,107,1,1,1,1,1,1,1,0,0,14,2
23,Stockholm,237.7081,0.100964166,0.340754059,1205,1191,24,43,81,88,1,1,1,1,1,1,1,1,0,15,2
24,Stockholm,237.7081,0.117791527,0.222962533,1376,1205,28,24,53,81,1,1,1,1,1,1,1,1,0,17.5,3
25,Stockholm,237.7081,0.096757325,0.18510097,1732,1378,23,28,44,53,1,1,1,1,1,1,1,1,0,18.4,3
26,Stockholm,237.7081,0.058895763,0.130412047,1612,1732,14,23,31,44,1,1,1,1,1,1,1,1,1,22.9,3
27,Stockholm,237.7081,0.025241041,0.096757325,1130,1612,6,14,23,31,1,1,1,1,1,1,1,1,1,17.3,3
28,Stockholm,237.7081,0.00841368,0.050482083,481,1130,2,6,12,23,1,1,1,1,1,1,1,1,1,15,2
29,Stockholm,237.7081,0.016827361,0.025241041,395,481,4,2,6,12,1,1,1,1,1,1,1,1,1,18.9,3
30,Stockholm,237.7081,0.00420684,0.029447882,328,395,1,4,7,6,1,1,1,1,1,1,1,1,1,17,3
31,Stockholm,237.7081,0.012620521,0.012620521,295,328,3,1,3,7,1,1,1,1,1,1,1,1,1,17.9,3
32,Stockholm,237.7081,0.025241041,0.012620521,364,295,6,3,3,3,1,1,1,1,1,1,1,1,1,20.1,3
33,Stockholm,237.7081,0.025241041,0.00420684,416,364,6,6,1,3,1,1,1,1,1,1,1,1,1,20.6,3
34,Stockholm,237.7081,0.00841368,0.012620521,353,416,2,6,3,1,1,1,1,1,1,1,1,1,1,21.4,3
35,Stockholm,237.7081,0.016827361,0.012620521,239,353,4,2,3,3,1,1,1,1,1,1,1,1,1,15.4,3
36,Stockholm,237.7081,0.00420684,0.00841368,253,239,1,4,2,3,1,1,1,1,1,1,1,1,1,14.8,2
37,Stockholm,237.7081,0.012620521,0.00420684,305,253,3,1,1,2,1,1,1,1,1,1,1,1,1,13.9,2
38,Stockholm,237.7081,0,0.00841368,537,305,0,3,2,1,1,1,1,1,1,1,1,1,1,13,2
39,Stockholm,237.7081,0.016827361,0.00841368,923,537,4,0,2,2,1,1,1,1,1,1,1,1,1,14.5,2
40,Stockholm,237.7081,0.00841368,0.021034201,1252,923,2,4,5,2,1,1,1,1,1,1,1,1,1,13.5,2
41,Stockholm,237.7081,0.016827361,0.037861562,1502,1252,4,2,9,5,1,1,1,1,1,1,1,1,1,12.1,2
42,Stockholm,237.7081,0.025241041,0.012620521,1657,1502,6,4,3,9,1,1,1,1,1,1,1,1,1,7.3,1
1,Uppsala,38.3713,0,0,0,0,0,0,0,0,0,0,0,0,0,0,0,0,0,2,0
2,Uppsala,38.3713,0,0,0,0,0,0,0,0,0,0,0,0,0,0,0,0,0,1.9,0
3,Uppsala,38.3713,0,0,0,0,0,0,0,0,0,0,0,0,0,0,0,0,0,2.2,0
4,Uppsala,38.3713,0,0,0,0,0,0,0,0,0,0,0,0,0,0,0,0,0,2.5,0
5,Uppsala,38.3713,0,0,0,0,0,0,0,0,0,0,0,0,0,0,0,0,0,0.8,0
6,Uppsala,38.3713,0,0,0,0,0,0,0,0,0,0,0,0,0,0,0,0,0,-0.7,0
7,Uppsala,38.3713,0,0,0,0,0,0,0,0,0,0,0,0,0,0,0,0,0,1.1,0
8,Uppsala,38.3713,0,0,0,0,0,0,0,0,0,0,0,0,0,0,0,0,0,2.7,0
9,Uppsala,38.3713,0,0,2,0,0,0,0,0,0,0,0,0,0,0,0,0,0,-3.4,0
10,Uppsala,38.3713,0,0,5,2,0,0,0,0,0,0,0,0,0,0,0,0,0,-0.7,0
11,Uppsala,38.3713,0.026061145,0,33,5,1,0,0,0,0,0,0,0,0,0,0,0,0,1.5,0
12,Uppsala,38.3713,0.052122289,0.078183434,37,33,2,1,3,0,1,0,0,0,0,0,0,0,0,1.6,0
13,Uppsala,38.3713,0.234550302,0.130305723,84,37,9,2,5,3,1,1,0,0,0,0,0,0,0,3.3,0
14,Uppsala,38.3713,0.364856025,0.416978315,147,84,14,9,16,5,1,1,1,0,0,0,0,0,0,1.5,0
15,Uppsala,38.3713,0.416978315,0.573345182,158,147,16,14,22,16,1,1,1,1,0,0,0,0,0,5.5,1
16,Uppsala,38.3713,0.469100604,0.625467472,200,158,18,16,24,22,1,1,1,1,1,0,0,0,0,4.9,0
17,Uppsala,38.3713,0.312733736,0.495161748,212,200,12,18,19,24,1,1,1,1,1,0,0,0,0,7.4,1
18,Uppsala,38.3713,0.39091717,0.703650906,188,212,15,12,27,19,1,1,1,1,1,0,0,0,0,4.2,0
19,Uppsala,38.3713,0.260611447,0.521222893,248,188,10,15,20,27,1,1,1,1,1,0,0,0,0,6.3,1
20,Uppsala,38.3713,0.260611447,0.416978315,180,248,10,10,16,20,1,1,1,1,1,1,0,0,0,4.1,0
21,Uppsala,38.3713,0.234550302,0.443039459,195,180,9,10,17,16,1,1,1,1,1,1,0,0,0,8.4,1
22,Uppsala,38.3713,0.338794881,0.312733736,245,195,13,9,12,17,1,1,1,1,1,1,1,0,0,12.5,2
23,Uppsala,38.3713,0.208489157,0.182428013,308,245,8,13,7,12,1,1,1,1,1,1,1,1,0,13.8,2
24,Uppsala,38.3713,0.234550302,0.521222893,247,308,9,8,20,7,1,1,1,1,1,1,1,1,0,15.4,3
25,Uppsala,38.3713,0.078183434,0.312733736,317,247,3,9,12,20,1,1,1,1,1,1,1,1,0,18.2,3
26,Uppsala,38.3713,0.078183434,0.182428013,400,317,3,3,7,12,1,1,1,1,1,1,1,1,1,21.1,3
27,Uppsala,38.3713,0.052122289,0.208489157,184,400,2,3,8,7,1,1,1,1,1,1,1,1,1,14,2
28,Uppsala,38.3713,0.026061145,0.104244579,61,184,1,2,4,8,1,1,1,1,1,1,1,1,1,12.7,2
29,Uppsala,38.3713,0.026061145,0,60,61,1,1,0,4,1,1,1,1,1,1,1,1,1,16.7,3
30,Uppsala,38.3713,0,0,22,60,0,1,0,0,1,1,1,1,1,1,1,1,1,13.9,2
31,Uppsala,38.3713,0,0,40,22,0,0,0,0,1,1,1,1,1,1,1,1,1,16.7,3
32,Uppsala,38.3713,0,0,52,40,0,0,0,0,1,1,1,1,1,1,1,1,1,18.9,3
33,Uppsala,38.3713,0,0.026061145,51,52,0,0,1,0,1,1,1,1,1,1,1,1,1,18.9,3
34,Uppsala,38.3713,0,0.026061145,64,51,0,0,1,1,1,1,1,1,1,1,1,1,1,19.1,3
35,Uppsala,38.3713,0,0,35,64,0,0,0,1,1,1,1,1,1,1,1,1,1,12.9,2
36,Uppsala,38.3713,0.052122289,0.026061145,34,35,2,0,1,0,1,1,1,1,1,1,1,1,1,13.7,2
37,Uppsala,38.3713,0,0,75,34,0,2,0,1,1,1,1,1,1,1,1,1,1,12.7,2
38,Uppsala,38.3713,0,0,69,75,0,0,0,0,1,1,1,1,1,1,1,1,1,11.7,2
39,Uppsala,38.3713,0,0,105,69,0,0,0,0,1,1,1,1,1,1,1,1,1,12.9,2
40,Uppsala,38.3713,0.078183434,0,226,105,3,0,0,0,1,1,1,1,1,1,1,1,1,12,2
41,Uppsala,38.3713,0.026061145,0.052122289,285,226,1,3,2,0,1,1,1,1,1,1,1,1,1,10.6,2
42,Uppsala,38.3713,0.104244579,0.078183434,503,285,4,1,3,2,1,1,1,1,1,1,1,1,1,6.1,1
1,Varmland,28.2414,0,0,0,0,0,0,0,0,0,0,0,0,0,0,0,0,0,3.5,0
2,Varmland,28.2414,0,0,0,0,0,0,0,0,0,0,0,0,0,0,0,0,0,4,0
3,Varmland,28.2414,0,0,0,0,0,0,0,0,0,0,0,0,0,0,0,0,0,4.3,0
4,Varmland,28.2414,0,0,0,0,0,0,0,0,0,0,0,0,0,0,0,0,0,3.6,0
5,Varmland,28.2414,0,0,0,0,0,0,0,0,0,0,0,0,0,0,0,0,0,3.3,0
6,Varmland,28.2414,0,0,0,0,0,0,0,0,0,0,0,0,0,0,0,0,0,0.4,0
7,Varmland,28.2414,0,0,0,0,0,0,0,0,0,0,0,0,0,0,0,0,0,3.3,0
8,Varmland,28.2414,0,0,0,0,0,0,0,0,0,0,0,0,0,0,0,0,0,3.9,0
9,Varmland,28.2414,0,0,0,0,0,0,0,0,0,0,0,0,0,0,0,0,0,-0.5,0
10,Varmland,28.2414,0,0,11,0,0,0,0,0,0,0,0,0,0,0,0,0,0,2.3,0
11,Varmland,28.2414,0.035409009,0,21,11,1,0,0,0,0,0,0,0,0,0,0,0,0,3.3,0
12,Varmland,28.2414,0.070818019,0,8,21,2,1,0,0,1,0,0,0,0,0,0,0,0,3.3,0
13,Varmland,28.2414,0.035409009,0.035409009,10,8,1,2,1,0,1,1,0,0,0,0,0,0,0,4.2,0
14,Varmland,28.2414,0.035409009,0,6,10,1,1,0,1,1,1,1,0,0,0,0,0,0,3.7,0
15,Varmland,28.2414,0,0.035409009,23,6,0,1,1,0,1,1,1,1,0,0,0,0,0,6.9,1
16,Varmland,28.2414,0.070818019,0.106227028,25,23,2,0,3,1,1,1,1,1,1,0,0,0,0,6.4,1
17,Varmland,28.2414,0.070818019,0.106227028,33,25,2,2,3,3,1,1,1,1,1,0,0,0,0,9.9,1
18,Varmland,28.2414,0.141636038,0.247863066,70,33,4,2,7,3,1,1,1,1,1,0,0,0,0,6,1
19,Varmland,28.2414,0.141636038,0.212454057,64,70,4,4,6,7,1,1,1,1,1,0,0,0,0,8.9,1
20,Varmland,28.2414,0.035409009,0.141636038,53,64,1,4,4,6,1,1,1,1,1,1,0,0,0,6.2,1
21,Varmland,28.2414,0.070818019,0.141636038,83,53,2,1,4,4,1,1,1,1,1,1,0,0,0,10.5,2
22,Varmland,28.2414,0.106227028,0.141636038,126,83,3,2,4,4,1,1,1,1,1,1,1,0,0,14.5,2
23,Varmland,28.2414,0.106227028,0.354090095,110,126,3,3,10,4,1,1,1,1,1,1,1,1,0,15.7,3
24,Varmland,28.2414,0.070818019,0.424908114,115,109,2,3,12,10,1,1,1,1,1,1,1,1,0,18.5,3
25,Varmland,28.2414,0.035409009,0.247863066,84,115,1,2,7,12,1,1,1,1,1,1,1,1,0,19.9,3
26,Varmland,28.2414,0.035409009,0.141636038,93,84,1,1,4,7,1,1,1,1,1,1,1,1,1,21.2,3
27,Varmland,28.2414,0.035409009,0.070818019,45,93,1,1,2,4,1,1,1,1,1,1,1,1,1,15.6,3
28,Varmland,28.2414,0.035409009,0.106227028,20,45,1,1,3,2,1,1,1,1,1,1,1,1,1,14,2
29,Varmland,28.2414,0,0.035409009,9,20,0,1,1,3,1,1,1,1,1,1,1,1,1,17,3
30,Varmland,28.2414,0,0.035409009,15,9,0,0,1,1,1,1,1,1,1,1,1,1,1,15.2,3
31,Varmland,28.2414,0,0,14,15,0,0,0,1,1,1,1,1,1,1,1,1,1,17.5,3
32,Varmland,28.2414,0,0,57,14,0,0,0,0,1,1,1,1,1,1,1,1,1,19.3,3
33,Varmland,28.2414,0,0,46,57,0,0,0,0,1,1,1,1,1,1,1,1,1,19.4,3
34,Varmland,28.2414,0.035409009,0,27,46,1,0,0,0,1,1,1,1,1,1,1,1,1,19.7,3
35,Varmland,28.2414,0,0,12,27,0,1,0,0,1,1,1,1,1,1,1,1,1,13.9,2
36,Varmland,28.2414,0,0,27,12,0,0,0,0,1,1,1,1,1,1,1,1,1,14.3,2
37,Varmland,28.2414,0,0,20,27,0,0,0,0,1,1,1,1,1,1,1,1,1,13,2
38,Varmland,28.2414,0,0,27,20,0,0,0,0,1,1,1,1,1,1,1,1,1,12.9,2
39,Varmland,28.2414,0,0,21,27,0,0,0,0,1,1,1,1,1,1,1,1,1,13.6,2
40,Varmland,28.2414,0,0.035409009,50,21,0,0,1,0,1,1,1,1,1,1,1,1,1,12.6,2
41,Varmland,28.2414,0.035409009,0,34,50,1,0,0,1,1,1,1,1,1,1,1,1,1,10.8,2
42,Varmland,28.2414,0,0.035409009,80,34,0,1,1,0,1,1,1,1,1,1,1,1,1,5.2,1
1,Vasterbotten,27.1736,0,0,0,0,0,0,0,0,0,0,0,0,0,0,0,0,0,-0.6,0
2,Vasterbotten,27.1736,0,0,0,0,0,0,0,0,0,0,0,0,0,0,0,0,0,-1.5,0
3,Vasterbotten,27.1736,0,0,0,0,0,0,0,0,0,0,0,0,0,0,0,0,0,-4.7,0
4,Vasterbotten,27.1736,0,0,0,0,0,0,0,0,0,0,0,0,0,0,0,0,0,-1.3,0
5,Vasterbotten,27.1736,0,0,0,0,0,0,0,0,0,0,0,0,0,0,0,0,0,-4.4,0
6,Vasterbotten,27.1736,0,0,0,0,0,0,0,0,0,0,0,0,0,0,0,0,0,-9.2,0
7,Vasterbotten,27.1736,0,0,0,0,0,0,0,0,0,0,0,0,0,0,0,0,0,-5.1,0
8,Vasterbotten,27.1736,0,0,0,0,0,0,0,0,0,0,0,0,0,0,0,0,0,-1.7,0
9,Vasterbotten,27.1736,0,0,0,0,0,0,0,0,0,0,0,0,0,0,0,0,0,-12.4,0
10,Vasterbotten,27.1736,0,0,0,0,0,0,0,0,0,0,0,0,0,0,0,0,0,-6.3,0
11,Vasterbotten,27.1736,0,0,13,0,0,0,0,0,0,0,0,0,0,0,0,0,0,-1.9,0
12,Vasterbotten,27.1736,0.110401272,0,16,13,3,0,0,0,1,0,0,0,0,0,0,0,0,-2.2,0
13,Vasterbotten,27.1736,0.073600848,0,18,16,2,3,0,0,1,1,0,0,0,0,0,0,0,0.5,0
14,Vasterbotten,27.1736,0.18400212,0,74,18,5,2,0,0,1,1,1,0,0,0,0,0,0,-2.1,0
15,Vasterbotten,27.1736,0.147201696,0.257602968,58,74,4,5,7,0,1,1,1,1,0,0,0,0,0,1.6,0
16,Vasterbotten,27.1736,0.147201696,0.18400212,56,58,4,4,5,7,1,1,1,1,1,0,0,0,0,2,0
17,Vasterbotten,27.1736,0.110401272,0.110401272,59,56,3,4,3,5,1,1,1,1,1,0,0,0,0,4.6,0
18,Vasterbotten,27.1736,0,0.036800424,35,59,0,3,1,3,1,1,1,1,1,0,0,0,0,1.9,0
19,Vasterbotten,27.1736,0.036800424,0.073600848,35,35,1,0,2,1,1,1,1,1,1,0,0,0,0,3.4,0
20,Vasterbotten,27.1736,0.073600848,0.110401272,52,35,2,1,3,2,1,1,1,1,1,1,0,0,0,2.2,0
21,Vasterbotten,27.1736,0.073600848,0.147201696,49,52,2,2,4,3,1,1,1,1,1,1,0,0,0,6.8,1
22,Vasterbotten,27.1736,0.073600848,0.073600848,35,49,2,2,2,4,1,1,1,1,1,1,1,0,0,11.5,2
23,Vasterbotten,27.1736,0.036800424,0.110401272,35,35,1,2,3,2,1,1,1,1,1,1,1,1,0,14,2
24,Vasterbotten,27.1736,0.073600848,0,40,35,2,1,0,3,1,1,1,1,1,1,1,1,0,15.2,3
25,Vasterbotten,27.1736,0,0.036800424,51,40,0,2,1,0,1,1,1,1,1,1,1,1,0,19.2,3
26,Vasterbotten,27.1736,0.036800424,0,61,51,1,0,0,1,1,1,1,1,1,1,1,1,1,21.6,3
27,Vasterbotten,27.1736,0,0,34,61,0,1,0,0,1,1,1,1,1,1,1,1,1,11.4,2
28,Vasterbotten,27.1736,0,0,13,34,0,0,0,0,1,1,1,1,1,1,1,1,1,11.6,2
29,Vasterbotten,27.1736,0.036800424,0,24,13,1,0,0,0,1,1,1,1,1,1,1,1,1,15,2
30,Vasterbotten,27.1736,0,0,8,24,0,1,0,0,1,1,1,1,1,1,1,1,1,12.2,2
31,Vasterbotten,27.1736,0.036800424,0,18,8,1,0,0,0,1,1,1,1,1,1,1,1,1,16,3
32,Vasterbotten,27.1736,0,0,8,18,0,1,0,0,1,1,1,1,1,1,1,1,1,16.3,3
33,Vasterbotten,27.1736,0,0,42,8,0,0,0,0,1,1,1,1,1,1,1,1,1,15,2
34,Vasterbotten,27.1736,0,0,14,42,0,0,0,0,1,1,1,1,1,1,1,1,1,16.2,3
35,Vasterbotten,27.1736,0,0,13,14,0,0,0,0,1,1,1,1,1,1,1,1,1,10,2
36,Vasterbotten,27.1736,0,0,7,13,0,0,0,0,1,1,1,1,1,1,1,1,1,10.5,2
37,Vasterbotten,27.1736,0,0,23,7,0,0,0,0,1,1,1,1,1,1,1,1,1,9.4,1
38,Vasterbotten,27.1736,0,0,42,23,0,0,0,0,1,1,1,1,1,1,1,1,1,7.6,1
39,Vasterbotten,27.1736,0,0,96,42,0,0,0,0,1,1,1,1,1,1,1,1,1,7,1
40,Vasterbotten,27.1736,0,0,54,96,0,0,0,0,1,1,1,1,1,1,1,1,1,9.5,1
41,Vasterbotten,27.1736,0,0,58,54,0,0,0,0,1,1,1,1,1,1,1,1,1,8.5,1
42,Vasterbotten,27.1736,0,0,50,58,0,0,0,0,1,1,1,1,1,1,1,1,1,2.8,0
1,Vasternorrland,24.5347,0,0,0,0,0,0,0,0,0,0,0,0,0,0,0,0,0,2.6,0
2,Vasternorrland,24.5347,0,0,0,0,0,0,0,0,0,0,0,0,0,0,0,0,0,1.3,0
3,Vasternorrland,24.5347,0,0,0,0,0,0,0,0,0,0,0,0,0,0,0,0,0,0.7,0
4,Vasternorrland,24.5347,0,0,0,0,0,0,0,0,0,0,0,0,0,0,0,0,0,2.7,0
5,Vasternorrland,24.5347,0,0,0,0,0,0,0,0,0,0,0,0,0,0,0,0,0,1,0
6,Vasternorrland,24.5347,0,0,0,0,0,0,0,0,0,0,0,0,0,0,0,0,0,-2.2,0
7,Vasternorrland,24.5347,0,0,0,0,0,0,0,0,0,0,0,0,0,0,0,0,0,-0.1,0
8,Vasternorrland,24.5347,0,0,0,0,0,0,0,0,0,0,0,0,0,0,0,0,0,2.4,0
9,Vasternorrland,24.5347,0,0,0,0,0,0,0,0,0,0,0,0,0,0,0,0,0,-4.8,0
10,Vasternorrland,24.5347,0,0,0,0,0,0,0,0,0,0,0,0,0,0,0,0,0,-2.8,0
11,Vasternorrland,24.5347,0,0,11,0,0,0,0,0,0,0,0,0,0,0,0,0,0,0.6,0
12,Vasternorrland,24.5347,0.040758599,0,3,11,1,0,0,0,1,0,0,0,0,0,0,0,0,1.4,0
13,Vasternorrland,24.5347,0.081517198,0,22,3,2,1,0,0,1,1,0,0,0,0,0,0,0,3.6,0
14,Vasternorrland,24.5347,0.163034396,0.203792995,33,22,4,2,5,0,1,1,1,0,0,0,0,0,0,0.7,0
15,Vasternorrland,24.5347,0.203792995,0.326068792,36,33,5,4,8,5,1,1,1,1,0,0,0,0,0,4.5,0
16,Vasternorrland,24.5347,0.122275797,0.40758599,34,36,3,5,10,8,1,1,1,1,1,0,0,0,0,5.5,1
17,Vasternorrland,24.5347,0.244551594,0.489103189,67,34,6,3,12,10,1,1,1,1,1,0,0,0,0,8,1
18,Vasternorrland,24.5347,0.122275797,0.40758599,67,67,3,6,10,12,1,1,1,1,1,0,0,0,0,3.4,0
19,Vasternorrland,24.5347,0.163034396,0.489103189,77,67,4,3,12,10,1,1,1,1,1,0,0,0,0,6.4,1
20,Vasternorrland,24.5347,0.122275797,0.366827391,98,77,3,4,9,12,1,1,1,1,1,1,0,0,0,4.3,0
21,Vasternorrland,24.5347,0.203792995,0.529861788,143,98,5,3,13,9,1,1,1,1,1,1,0,0,0,6.9,1
22,Vasternorrland,24.5347,0.122275797,0.285310193,135,143,3,5,7,13,1,1,1,1,1,1,1,0,0,12.8,2
23,Vasternorrland,24.5347,0.081517198,0.244551594,154,135,2,3,6,7,1,1,1,1,1,1,1,1,0,13.5,2
24,Vasternorrland,24.5347,0.122275797,0.285310193,118,154,3,2,7,6,1,1,1,1,1,1,1,1,0,15.5,3
25,Vasternorrland,24.5347,0.163034396,0.448344589,154,118,4,3,11,7,1,1,1,1,1,1,1,1,0,18.3,3
26,Vasternorrland,24.5347,0.081517198,0.163034396,157,154,2,4,4,11,1,1,1,1,1,1,1,1,1,19.1,3
27,Vasternorrland,24.5347,0.040758599,0.163034396,162,157,1,2,4,4,1,1,1,1,1,1,1,1,1,13.8,2
28,Vasternorrland,24.5347,0,0.285310193,118,162,0,1,7,4,1,1,1,1,1,1,1,1,1,13.6,2
29,Vasternorrland,24.5347,0,0.122275797,70,118,0,0,3,7,1,1,1,1,1,1,1,1,1,16.5,3
30,Vasternorrland,24.5347,0,0.122275797,59,70,0,0,3,3,1,1,1,1,1,1,1,1,1,14.2,2
31,Vasternorrland,24.5347,0,0.040758599,37,59,0,0,1,3,1,1,1,1,1,1,1,1,1,15.9,3
32,Vasternorrland,24.5347,0,0,40,37,0,0,0,1,1,1,1,1,1,1,1,1,1,17.7,3
33,Vasternorrland,24.5347,0,0.040758599,21,40,0,0,1,0,1,1,1,1,1,1,1,1,1,17,3
34,Vasternorrland,24.5347,0,0.040758599,27,21,0,0,1,1,1,1,1,1,1,1,1,1,1,18.1,3
35,Vasternorrland,24.5347,0,0.040758599,10,27,0,0,1,1,1,1,1,1,1,1,1,1,1,12.1,2
36,Vasternorrland,24.5347,0,0.040758599,6,10,0,0,1,1,1,1,1,1,1,1,1,1,1,12.9,2
37,Vasternorrland,24.5347,0,0,16,6,0,0,0,1,1,1,1,1,1,1,1,1,1,11.6,2
38,Vasternorrland,24.5347,0,0,18,16,0,0,0,0,1,1,1,1,1,1,1,1,1,10.3,2
39,Vasternorrland,24.5347,0,0,25,18,0,0,0,0,1,1,1,1,1,1,1,1,1,10.7,2
40,Vasternorrland,24.5347,0,0,30,25,0,0,0,0,1,1,1,1,1,1,1,1,1,10.1,2
41,Vasternorrland,24.5347,0,0.040758599,38,30,0,0,1,0,1,1,1,1,1,1,1,1,1,9.9,1
42,Vasternorrland,24.5347,0,0,41,38,0,0,0,1,1,1,1,1,1,1,1,1,1,5.2,1
1,Vastmanland,27.5845,0,0,0,0,0,0,0,0,0,0,0,0,0,0,0,0,0,0.2,0
2,Vastmanland,27.5845,0,0,0,0,0,0,0,0,0,0,0,0,0,0,0,0,0,0.4,0
3,Vastmanland,27.5845,0,0,0,0,0,0,0,0,0,0,0,0,0,0,0,0,0,-0.5,0
4,Vastmanland,27.5845,0,0,0,0,0,0,0,0,0,0,0,0,0,0,0,0,0,0.4,0
5,Vastmanland,27.5845,0,0,0,0,0,0,0,0,0,0,0,0,0,0,0,0,0,-2.9,0
6,Vastmanland,27.5845,0,0,0,0,0,0,0,0,0,0,0,0,0,0,0,0,0,-2.1,0
7,Vastmanland,27.5845,0,0,0,0,0,0,0,0,0,0,0,0,0,0,0,0,0,-1.4,0
8,Vastmanland,27.5845,0,0,0,0,0,0,0,0,0,0,0,0,0,0,0,0,0,-0.4,0
9,Vastmanland,27.5845,0,0,0,0,0,0,0,0,0,0,0,0,0,0,0,0,0,-8.3,0
10,Vastmanland,27.5845,0,0,0,0,0,0,0,0,0,0,0,0,0,0,0,0,0,-4.5,0
11,Vastmanland,27.5845,0,0,5,0,0,0,0,0,0,0,0,0,0,0,0,0,0,-1.4,0
12,Vastmanland,27.5845,0,0,16,5,0,0,0,0,1,0,0,0,0,0,0,0,0,-1.5,0
13,Vastmanland,27.5845,0.362522431,0.072504486,29,16,10,0,2,0,1,1,0,0,0,0,0,0,0,1,0
14,Vastmanland,27.5845,0.181261216,0.398774674,110,29,5,10,11,2,1,1,1,0,0,0,0,0,0,-1.8,0
15,Vastmanland,27.5845,0.181261216,0.688792619,190,110,5,5,19,11,1,1,1,1,0,0,0,0,0,2.5,0
16,Vastmanland,27.5845,0.181261216,1.667603183,165,190,5,5,46,19,1,1,1,1,1,0,0,0,0,1.6,0
17,Vastmanland,27.5845,0.253765702,0.652540376,171,165,7,5,18,46,1,1,1,1,1,0,0,0,0,4.4,0
18,Vastmanland,27.5845,0.145008972,0.507531404,120,171,4,7,14,18,1,1,1,1,1,0,0,0,0,2.1,0
19,Vastmanland,27.5845,0.108756729,0.47127916,83,120,3,4,13,14,1,1,1,1,1,0,0,0,0,2.6,0
20,Vastmanland,27.5845,0.072504486,0.362522431,116,83,2,3,10,13,1,1,1,1,1,1,0,0,0,1,0
21,Vastmanland,27.5845,0.036252243,0.253765702,115,116,1,2,7,10,1,1,1,1,1,1,0,0,0,6.9,1
22,Vastmanland,27.5845,0.072504486,0.290017945,144,115,2,1,8,7,1,1,1,1,1,1,1,0,0,10.5,2
23,Vastmanland,27.5845,0.181261216,0.217513459,173,144,5,2,6,8,1,1,1,1,1,1,1,1,0,12.6,2
24,Vastmanland,27.5845,0.036252243,0.217513459,282,173,1,5,6,6,1,1,1,1,1,1,1,1,0,13.6,2
25,Vastmanland,27.5845,0,0.253765702,268,282,0,1,7,6,1,1,1,1,1,1,1,1,0,18.6,3
26,Vastmanland,27.5845,0.036252243,0.145008972,212,268,1,0,4,7,1,1,1,1,1,1,1,1,1,20.1,3
27,Vastmanland,27.5845,0.072504486,0.145008972,178,212,2,1,4,4,1,1,1,1,1,1,1,1,1,9.6,1
28,Vastmanland,27.5845,0,0.108756729,100,178,0,2,3,4,1,1,1,1,1,1,1,1,1,9.4,1
29,Vastmanland,27.5845,0,0.036252243,50,100,0,0,1,3,1,1,1,1,1,1,1,1,1,13.8,2
30,Vastmanland,27.5845,0.072504486,0.036252243,35,50,2,0,1,1,1,1,1,1,1,1,1,1,1,10.2,2
31,Vastmanland,27.5845,0,0.036252243,39,35,0,2,1,1,1,1,1,1,1,1,1,1,1,15.1,3
32,Vastmanland,27.5845,0,0.072504486,39,39,0,0,2,1,1,1,1,1,1,1,1,1,1,17,3
33,Vastmanland,27.5845,0,0,41,39,0,0,0,2,1,1,1,1,1,1,1,1,1,16.9,3
34,Vastmanland,27.5845,0,0,36,41,0,0,0,0,1,1,1,1,1,1,1,1,1,17.1,3
35,Vastmanland,27.5845,0,0,21,36,0,0,0,0,1,1,1,1,1,1,1,1,1,10.4,2
36,Vastmanland,27.5845,0,0,32,21,0,0,0,0,1,1,1,1,1,1,1,1,1,13.3,2
37,Vastmanland,27.5845,0,0,50,32,0,0,0,0,1,1,1,1,1,1,1,1,1,12.1,2
38,Vastmanland,27.5845,0,0,56,50,0,0,0,0,1,1,1,1,1,1,1,1,1,11.2,2
39,Vastmanland,27.5845,0,0,199,56,0,0,0,0,1,1,1,1,1,1,1,1,1,13,2
40,Vastmanland,27.5845,0.072504486,0,123,199,2,0,0,0,1,1,1,1,1,1,1,1,1,12,2
41,Vastmanland,27.5845,0,0,116,123,0,2,0,0,1,1,1,1,1,1,1,1,1,10.4,2
42,Vastmanland,27.5845,0,0.036252243,120,116,0,0,1,0,1,1,1,1,1,1,1,1,1,5.2,1
1,Vastra Gotaland,172.5881,0,0,0,0,0,0,0,0,0,0,0,0,0,0,0,0,0,3.4,0
2,Vastra Gotaland,172.5881,0,0,0,0,0,0,0,0,0,0,0,0,0,0,0,0,0,4.4,0
3,Vastra Gotaland,172.5881,0,0,0,0,0,0,0,0,0,0,0,0,0,0,0,0,0,4.6,0
4,Vastra Gotaland,172.5881,0,0,0,0,0,0,0,0,0,0,0,0,0,0,0,0,0,4.1,0
5,Vastra Gotaland,172.5881,0,0,0,0,0,0,0,0,0,0,0,0,0,0,0,0,0,3.7,0
6,Vastra Gotaland,172.5881,0,0,0,0,0,0,0,0,0,0,0,0,0,0,0,0,0,1.7,0
7,Vastra Gotaland,172.5881,0,0,0,0,0,0,0,0,0,0,0,0,0,0,0,0,0,3.5,0
8,Vastra Gotaland,172.5881,0,0,0,0,0,0,0,0,0,0,0,0,0,0,0,0,0,4,0
9,Vastra Gotaland,172.5881,0,0,6,0,0,0,0,0,0,0,0,0,0,0,0,0,0,-0.1,0
10,Vastra Gotaland,172.5881,0.005794142,0,24,6,1,0,0,0,0,0,0,0,0,0,0,0,0,2.3,0
11,Vastra Gotaland,172.5881,0,0.005794142,146,24,0,1,1,0,0,0,0,0,0,0,0,0,0,3.2,0
12,Vastra Gotaland,172.5881,0.075323849,0.011588284,78,146,13,0,2,1,1,0,0,0,0,0,0,0,0,3.3,0
13,Vastra Gotaland,172.5881,0.144853556,0.034764853,116,78,25,13,6,2,1,1,0,0,0,0,0,0,0,2,0
14,Vastra Gotaland,172.5881,0.139059414,0.162235983,240,116,24,25,28,6,1,1,1,0,0,0,0,0,0,3.8,0
15,Vastra Gotaland,172.5881,0.237559832,0.249148116,444,240,41,24,43,28,1,1,1,1,0,0,0,0,0,6.7,1
16,Vastra Gotaland,172.5881,0.173824267,0.411384099,421,444,30,41,71,43,1,1,1,1,1,0,0,0,0,5.7,1
17,Vastra Gotaland,172.5881,0.289707112,0.376619245,611,421,50,30,65,71,1,1,1,1,1,0,0,0,0,9.5,1
18,Vastra Gotaland,172.5881,0.237559832,0.446148952,623,611,41,50,77,65,1,1,1,1,1,0,0,0,0,6.4,1
19,Vastra Gotaland,172.5881,0.214383263,0.591002508,850,623,37,41,102,77,1,1,1,1,1,0,0,0,0,8.6,1
20,Vastra Gotaland,172.5881,0.15644184,0.434560668,828,850,27,37,75,102,1,1,1,1,1,1,0,0,0,5.8,1
21,Vastra Gotaland,172.5881,0.115882845,0.434560668,732,828,20,27,75,75,1,1,1,1,1,1,0,0,0,10.7,2
22,Vastra Gotaland,172.5881,0.15644184,0.312883681,873,732,27,20,54,75,1,1,1,1,1,1,1,0,0,13.9,2
23,Vastra Gotaland,172.5881,0.179618409,0.318677823,2140,873,31,27,55,54,1,1,1,1,1,1,1,1,0,14.5,2
24,Vastra Gotaland,172.5881,0.092706276,0.289707112,2443,2140,16,31,50,55,1,1,1,1,1,1,1,1,0,17.1,3
25,Vastra Gotaland,172.5881,0.127471129,0.249148116,1829,2443,22,16,43,50,1,1,1,1,1,1,1,1,0,19,3
26,Vastra Gotaland,172.5881,0.069529707,0.162235983,1935,1829,12,22,28,43,1,1,1,1,1,1,1,1,1,19.8,3
27,Vastra Gotaland,172.5881,0.05214728,0.086912134,914,1935,9,12,15,28,1,1,1,1,1,1,1,1,1,14.3,2
28,Vastra Gotaland,172.5881,0.034764853,0.133265271,365,914,6,9,23,15,1,1,1,1,1,1,1,1,1,12.8,2
29,Vastra Gotaland,172.5881,0.011588284,0.115882845,320,365,2,6,20,23,1,1,1,1,1,1,1,1,1,16.2,3
30,Vastra Gotaland,172.5881,0.017382427,0.034764853,336,320,3,2,6,20,1,1,1,1,1,1,1,1,1,14.1,2
31,Vastra Gotaland,172.5881,0.017382427,0.017382427,583,336,3,3,3,6,1,1,1,1,1,1,1,1,1,16.1,3
32,Vastra Gotaland,172.5881,0.011588284,0.005794142,670,583,2,3,1,3,1,1,1,1,1,1,1,1,1,18.1,3
33,Vastra Gotaland,172.5881,0.023176569,0.017382427,580,670,4,2,3,1,1,1,1,1,1,1,1,1,1,19.9,3
34,Vastra Gotaland,172.5881,0.011588284,0.028970711,397,580,2,4,5,3,1,1,1,1,1,1,1,1,1,18.6,3
35,Vastra Gotaland,172.5881,0.017382427,0.011588284,233,397,3,2,2,5,1,1,1,1,1,1,1,1,1,12.8,2
36,Vastra Gotaland,172.5881,0.005794142,0.011588284,296,233,1,3,2,2,1,1,1,1,1,1,1,1,1,13.1,2
37,Vastra Gotaland,172.5881,0.011588284,0.005794142,300,296,2,1,1,2,1,1,1,1,1,1,1,1,1,12.4,2
38,Vastra Gotaland,172.5881,0.011588284,0.011588284,337,300,2,2,2,1,1,1,1,1,1,1,1,1,1,12.7,2
39,Vastra Gotaland,172.5881,0.011588284,0.017382427,489,337,2,2,3,2,1,1,1,1,1,1,1,1,1,12.8,2
40,Vastra Gotaland,172.5881,0.011588284,0.023176569,402,489,2,2,4,3,1,1,1,1,1,1,1,1,1,13.1,2
41,Vastra Gotaland,172.5881,0.034764853,0.011588284,537,402,6,2,2,4,1,1,1,1,1,1,1,1,1,10.1,2
42,Vastra Gotaland,172.5881,0.023176569,0.005794142,706,537,4,6,1,2,1,1,1,1,1,1,1,1,1,5.7,1
